study,year,cultivar,fungic,rep,sev,yield,Yld_level,YR_class,gr_hab,sev_check
1,2012,TMG803,CZM[1],1,55,2918,1Low,1Low,D,42.5
1,2012,TMG803,CZM[1],2,50,3468,1Low,1Low,D,42.5
1,2012,TMG803,CZM[1],3,45,1626,1Low,1Low,D,42.5
1,2012,TMG803,CZM[1],4,40,2921,1Low,1Low,D,42.5
1,2012,TMG803,CZM_CM_TEBU[1],1,35,2414,1Low,1Low,D,42.5
1,2012,TMG803,CZM_CM_TEBU[1],2,40,3104,1Low,1Low,D,42.5
1,2012,TMG803,CZM_CM_TEBU[1],3,25,1878,1Low,1Low,D,42.5
1,2012,TMG803,CZM_CM_TEBU[1],4,30,1952,1Low,1Low,D,42.5
1,2012,TMG803,CZM+LS[1+0.5],1,40,2708,1Low,1Low,D,42.5
1,2012,TMG803,CZM+LS[1+0.5],2,50,2475,1Low,1Low,D,42.5
1,2012,TMG803,CZM+LS[1+0.5],3,35,1744,1Low,1Low,D,42.5
1,2012,TMG803,CZM+LS[1+0.5],4,45,2024,1Low,1Low,D,42.5
1,2012,TMG803,EPO_FLUX_PYRA[0.8],1,25,2684,1Low,1Low,D,42.5
1,2012,TMG803,EPO_FLUX_PYRA[0.8],2,25,3447,1Low,1Low,D,42.5
1,2012,TMG803,EPO_FLUX_PYRA[0.8],3,15,2846,1Low,1Low,D,42.5
1,2012,TMG803,EPO_FLUX_PYRA[0.8],4,20,2453,1Low,1Low,D,42.5
1,2012,TMG803,EPO_FLUX_PYRA[1],1,20,2967,1Low,1Low,D,42.5
1,2012,TMG803,EPO_FLUX_PYRA[1],2,25,3619,1Low,1Low,D,42.5
1,2012,TMG803,EPO_FLUX_PYRA[1],3,20,2934,1Low,1Low,D,42.5
1,2012,TMG803,EPO_FLUX_PYRA[1],4,18,2891,1Low,1Low,D,42.5
1,2012,TMG803,FLUO[0.4],1,15,3039,1Low,1Low,D,42.5
1,2012,TMG803,FLUO[0.4],2,35,3260,1Low,1Low,D,42.5
1,2012,TMG803,FLUO[0.4],3,25,2790,1Low,1Low,D,42.5
1,2012,TMG803,FLUO[0.4],4,20,2805,1Low,1Low,D,42.5
1,2012,TMG803,PROT_TRIF[0.4],1,30,2594,1Low,1Low,D,42.5
1,2012,TMG803,PROT_TRIF[0.4],2,30,2719,1Low,1Low,D,42.5
1,2012,TMG803,PROT_TRIF[0.4],3,40,2242,1Low,1Low,D,42.5
1,2012,TMG803,PROT_TRIF[0.4],4,25,2137,1Low,1Low,D,42.5
1,2012,TMG803,TIOF[1],1,35,2404,1Low,1Low,D,42.5
1,2012,TMG803,TIOF[1],2,50,2484,1Low,1Low,D,42.5
1,2012,TMG803,TIOF[1],3,40,2350,1Low,1Low,D,42.5
1,2012,TMG803,TIOF[1],4,45,2659,1Low,1Low,D,42.5
1,2012,TMG803,ZZ_CHECK,1,45,2642,1Low,1Low,D,42.5
1,2012,TMG803,ZZ_CHECK,2,40,2865,1Low,1Low,D,42.5
1,2012,TMG803,ZZ_CHECK,3,45,2307,1Low,1Low,D,42.5
1,2012,TMG803,ZZ_CHECK,4,40,2747,1Low,1Low,D,42.5
2,2012,TMG803,CZM[1],1,40,3549,2High,2High,D,36.2
2,2012,TMG803,CZM[1],2,40,2288,2High,2High,D,36.2
2,2012,TMG803,CZM[1],3,35,3331,2High,2High,D,36.2
2,2012,TMG803,CZM[1],4,35,3704,2High,2High,D,36.2
2,2012,TMG803,CZM_CM_TEBU[1],1,25,2664,2High,2High,D,36.2
2,2012,TMG803,CZM_CM_TEBU[1],2,30,2855,2High,2High,D,36.2
2,2012,TMG803,CZM_CM_TEBU[1],3,30,3402,2High,2High,D,36.2
2,2012,TMG803,CZM_CM_TEBU[1],4,25,3285,2High,2High,D,36.2
2,2012,TMG803,CZM+LS[1+0.5],1,40,2998,2High,2High,D,36.2
2,2012,TMG803,CZM+LS[1+0.5],2,30,2713,2High,2High,D,36.2
2,2012,TMG803,CZM+LS[1+0.5],3,35,2668,2High,2High,D,36.2
2,2012,TMG803,CZM+LS[1+0.5],4,30,3238,2High,2High,D,36.2
2,2012,TMG803,EPO_FLUX_PYRA[0.8],1,15,3882,2High,2High,D,36.2
2,2012,TMG803,EPO_FLUX_PYRA[0.8],2,12,3236,2High,2High,D,36.2
2,2012,TMG803,EPO_FLUX_PYRA[0.8],3,12,3645,2High,2High,D,36.2
2,2012,TMG803,EPO_FLUX_PYRA[0.8],4,15,3856,2High,2High,D,36.2
2,2012,TMG803,EPO_FLUX_PYRA[1],1,15,3768,2High,2High,D,36.2
2,2012,TMG803,EPO_FLUX_PYRA[1],2,15,3440,2High,2High,D,36.2
2,2012,TMG803,EPO_FLUX_PYRA[1],3,15,3684,2High,2High,D,36.2
2,2012,TMG803,EPO_FLUX_PYRA[1],4,10,3717,2High,2High,D,36.2
2,2012,TMG803,FLUO[0.4],1,25,2954,2High,2High,D,36.2
2,2012,TMG803,FLUO[0.4],2,30,3068,2High,2High,D,36.2
2,2012,TMG803,FLUO[0.4],3,25,3632,2High,2High,D,36.2
2,2012,TMG803,FLUO[0.4],4,30,3840,2High,2High,D,36.2
2,2012,TMG803,PROT_TRIF[0.4],1,30,3177,2High,2High,D,36.2
2,2012,TMG803,PROT_TRIF[0.4],2,30,2912,2High,2High,D,36.2
2,2012,TMG803,PROT_TRIF[0.4],3,35,3106,2High,2High,D,36.2
2,2012,TMG803,PROT_TRIF[0.4],4,30,2904,2High,2High,D,36.2
2,2012,TMG803,TIOF[1],1,40,3202,2High,2High,D,36.2
2,2012,TMG803,TIOF[1],2,30,3106,2High,2High,D,36.2
2,2012,TMG803,TIOF[1],3,30,3075,2High,2High,D,36.2
2,2012,TMG803,TIOF[1],4,30,3700,2High,2High,D,36.2
2,2012,TMG803,ZZ_CHECK,1,40,3135,2High,2High,D,36.2
2,2012,TMG803,ZZ_CHECK,2,40,2284,2High,2High,D,36.2
2,2012,TMG803,ZZ_CHECK,3,35,3517,2High,2High,D,36.2
2,2012,TMG803,ZZ_CHECK,4,30,3047,2High,2High,D,36.2
3,2012,TMG803,CZM[1],1,40,2988,1Low,2High,D,41.2
3,2012,TMG803,CZM[1],2,35,2361,1Low,2High,D,41.2
3,2012,TMG803,CZM[1],3,35,2341,1Low,2High,D,41.2
3,2012,TMG803,CZM[1],4,35,3218,1Low,2High,D,41.2
3,2012,TMG803,CZM_CM_TEBU[1],1,35,2744,1Low,2High,D,41.2
3,2012,TMG803,CZM_CM_TEBU[1],2,30,2579,1Low,2High,D,41.2
3,2012,TMG803,CZM_CM_TEBU[1],3,30,2598,1Low,2High,D,41.2
3,2012,TMG803,CZM_CM_TEBU[1],4,25,2718,1Low,2High,D,41.2
3,2012,TMG803,CZM+LS[1+0.5],1,40,2807,1Low,2High,D,41.2
3,2012,TMG803,CZM+LS[1+0.5],2,35,2907,1Low,2High,D,41.2
3,2012,TMG803,CZM+LS[1+0.5],3,40,2989,1Low,2High,D,41.2
3,2012,TMG803,CZM+LS[1+0.5],4,30,2866,1Low,2High,D,41.2
3,2012,TMG803,EPO_FLUX_PYRA[0.8],1,20,3443,1Low,2High,D,41.2
3,2012,TMG803,EPO_FLUX_PYRA[0.8],2,20,2586,1Low,2High,D,41.2
3,2012,TMG803,EPO_FLUX_PYRA[0.8],3,20,2588,1Low,2High,D,41.2
3,2012,TMG803,EPO_FLUX_PYRA[0.8],4,20,3012,1Low,2High,D,41.2
3,2012,TMG803,EPO_FLUX_PYRA[1],1,18,3672,1Low,2High,D,41.2
3,2012,TMG803,EPO_FLUX_PYRA[1],2,20,2949,1Low,2High,D,41.2
3,2012,TMG803,EPO_FLUX_PYRA[1],3,25,3205,1Low,2High,D,41.2
3,2012,TMG803,EPO_FLUX_PYRA[1],4,20,2679,1Low,2High,D,41.2
3,2012,TMG803,FLUO[0.4],1,25,3115,1Low,2High,D,41.2
3,2012,TMG803,FLUO[0.4],2,20,2686,1Low,2High,D,41.2
3,2012,TMG803,FLUO[0.4],3,25,2388,1Low,2High,D,41.2
3,2012,TMG803,FLUO[0.4],4,15,3049,1Low,2High,D,41.2
3,2012,TMG803,PROT_TRIF[0.4],1,35,3194,1Low,2High,D,41.2
3,2012,TMG803,PROT_TRIF[0.4],2,30,2362,1Low,2High,D,41.2
3,2012,TMG803,PROT_TRIF[0.4],3,35,2887,1Low,2High,D,41.2
3,2012,TMG803,PROT_TRIF[0.4],4,30,3278,1Low,2High,D,41.2
3,2012,TMG803,TIOF[1],1,25,2752,1Low,2High,D,41.2
3,2012,TMG803,TIOF[1],2,30,2084,1Low,2High,D,41.2
3,2012,TMG803,TIOF[1],3,30,2557,1Low,2High,D,41.2
3,2012,TMG803,TIOF[1],4,30,2793,1Low,2High,D,41.2
3,2012,TMG803,ZZ_CHECK,1,40,2493,1Low,2High,D,41.2
3,2012,TMG803,ZZ_CHECK,2,45,2173,1Low,2High,D,41.2
3,2012,TMG803,ZZ_CHECK,3,40,2628,1Low,2High,D,41.2
3,2012,TMG803,ZZ_CHECK,4,40,2168,1Low,2High,D,41.2
4,2012,5G830_RR,CZM[1],1,30,3570,1Low,1Low,D,30.6
4,2012,5G830_RR,CZM[1],2,30,3670,1Low,1Low,D,30.6
4,2012,5G830_RR,CZM[1],3,30,3440,1Low,1Low,D,30.6
4,2012,5G830_RR,CZM[1],4,29,3482,1Low,1Low,D,30.6
4,2012,5G830_RR,CZM_CM_TEBU[1],1,30,2771,1Low,1Low,D,30.6
4,2012,5G830_RR,CZM_CM_TEBU[1],2,30,3062,1Low,1Low,D,30.6
4,2012,5G830_RR,CZM_CM_TEBU[1],3,30,2760,1Low,1Low,D,30.6
4,2012,5G830_RR,CZM_CM_TEBU[1],4,27.5,3468,1Low,1Low,D,30.6
4,2012,5G830_RR,CZM+LS[1+0.5],1,12.5,3753,1Low,1Low,D,30.6
4,2012,5G830_RR,CZM+LS[1+0.5],2,32.5,3180,1Low,1Low,D,30.6
4,2012,5G830_RR,CZM+LS[1+0.5],3,29,3444,1Low,1Low,D,30.6
4,2012,5G830_RR,CZM+LS[1+0.5],4,27.5,3491,1Low,1Low,D,30.6
4,2012,5G830_RR,EPO_FLUX_PYRA[0.8],1,1,2962,1Low,1Low,D,30.6
4,2012,5G830_RR,EPO_FLUX_PYRA[0.8],2,1,3301,1Low,1Low,D,30.6
4,2012,5G830_RR,EPO_FLUX_PYRA[0.8],3,1,3230,1Low,1Low,D,30.6
4,2012,5G830_RR,EPO_FLUX_PYRA[0.8],4,1,3143,1Low,1Low,D,30.6
4,2012,5G830_RR,EPO_FLUX_PYRA[1],1,1,3308,1Low,1Low,D,30.6
4,2012,5G830_RR,EPO_FLUX_PYRA[1],2,1,3134,1Low,1Low,D,30.6
4,2012,5G830_RR,EPO_FLUX_PYRA[1],3,0.5,3050,1Low,1Low,D,30.6
4,2012,5G830_RR,EPO_FLUX_PYRA[1],4,1,3165,1Low,1Low,D,30.6
4,2012,5G830_RR,FLUO[0.4],1,1.5,3265,1Low,1Low,D,30.6
4,2012,5G830_RR,FLUO[0.4],2,2.5,3692,1Low,1Low,D,30.6
4,2012,5G830_RR,FLUO[0.4],3,1.5,3735,1Low,1Low,D,30.6
4,2012,5G830_RR,FLUO[0.4],4,1,4163,1Low,1Low,D,30.6
4,2012,5G830_RR,PROT_TRIF[0.4],1,4,3473,1Low,1Low,D,30.6
4,2012,5G830_RR,PROT_TRIF[0.4],2,4,4148,1Low,1Low,D,30.6
4,2012,5G830_RR,PROT_TRIF[0.4],3,4,3625,1Low,1Low,D,30.6
4,2012,5G830_RR,PROT_TRIF[0.4],4,2.5,3408,1Low,1Low,D,30.6
4,2012,5G830_RR,TIOF[1],1,30,3241,1Low,1Low,D,30.6
4,2012,5G830_RR,TIOF[1],2,32.5,3135,1Low,1Low,D,30.6
4,2012,5G830_RR,TIOF[1],3,32.5,3241,1Low,1Low,D,30.6
4,2012,5G830_RR,TIOF[1],4,29,3463,1Low,1Low,D,30.6
4,2012,5G830_RR,ZZ_CHECK,1,32.5,2958,1Low,1Low,D,30.6
4,2012,5G830_RR,ZZ_CHECK,2,30,3356,1Low,1Low,D,30.6
4,2012,5G830_RR,ZZ_CHECK,3,30,3123,1Low,1Low,D,30.6
4,2012,5G830_RR,ZZ_CHECK,4,30,3951,1Low,1Low,D,30.6
6,2012,BMX_Potencia_RR,CZM[1],1,20,4050,2High,1Low,I,27
6,2012,BMX_Potencia_RR,CZM[1],2,20,4146,2High,1Low,I,27
6,2012,BMX_Potencia_RR,CZM[1],3,20,4428,2High,1Low,I,27
6,2012,BMX_Potencia_RR,CZM[1],4,20,4314,2High,1Low,I,27
6,2012,BMX_Potencia_RR,CZM[1],5,20,4398,2High,1Low,I,27
6,2012,BMX_Potencia_RR,CZM_CM_TEBU[1],1,15,4926,2High,1Low,I,27
6,2012,BMX_Potencia_RR,CZM_CM_TEBU[1],2,15,3924,2High,1Low,I,27
6,2012,BMX_Potencia_RR,CZM_CM_TEBU[1],3,15,4086,2High,1Low,I,27
6,2012,BMX_Potencia_RR,CZM_CM_TEBU[1],4,20,4536,2High,1Low,I,27
6,2012,BMX_Potencia_RR,CZM_CM_TEBU[1],5,10,3996,2High,1Low,I,27
6,2012,BMX_Potencia_RR,CZM+LS[1+0.5],1,20,3852,2High,1Low,I,27
6,2012,BMX_Potencia_RR,CZM+LS[1+0.5],2,20,3558,2High,1Low,I,27
6,2012,BMX_Potencia_RR,CZM+LS[1+0.5],3,25,4230,2High,1Low,I,27
6,2012,BMX_Potencia_RR,CZM+LS[1+0.5],4,20,3726,2High,1Low,I,27
6,2012,BMX_Potencia_RR,CZM+LS[1+0.5],5,15,3408,2High,1Low,I,27
6,2012,BMX_Potencia_RR,EPO_FLUX_PYRA[0.8],1,4,4308,2High,1Low,I,27
6,2012,BMX_Potencia_RR,EPO_FLUX_PYRA[0.8],2,3,3894,2High,1Low,I,27
6,2012,BMX_Potencia_RR,EPO_FLUX_PYRA[0.8],3,5,3846,2High,1Low,I,27
6,2012,BMX_Potencia_RR,EPO_FLUX_PYRA[0.8],4,5,3936,2High,1Low,I,27
6,2012,BMX_Potencia_RR,EPO_FLUX_PYRA[0.8],5,4,4464,2High,1Low,I,27
6,2012,BMX_Potencia_RR,EPO_FLUX_PYRA[1],1,5,4170,2High,1Low,I,27
6,2012,BMX_Potencia_RR,EPO_FLUX_PYRA[1],2,5,4248,2High,1Low,I,27
6,2012,BMX_Potencia_RR,EPO_FLUX_PYRA[1],3,5,3984,2High,1Low,I,27
6,2012,BMX_Potencia_RR,EPO_FLUX_PYRA[1],4,5,4056,2High,1Low,I,27
6,2012,BMX_Potencia_RR,EPO_FLUX_PYRA[1],5,20,3978,2High,1Low,I,27
6,2012,BMX_Potencia_RR,FLUO[0.4],1,10,4680,2High,1Low,I,27
6,2012,BMX_Potencia_RR,FLUO[0.4],2,10,3888,2High,1Low,I,27
6,2012,BMX_Potencia_RR,FLUO[0.4],3,8,5094,2High,1Low,I,27
6,2012,BMX_Potencia_RR,FLUO[0.4],4,15,4734,2High,1Low,I,27
6,2012,BMX_Potencia_RR,FLUO[0.4],5,15,4536,2High,1Low,I,27
6,2012,BMX_Potencia_RR,PROT_TRIF[0.4],1,15,3534,2High,1Low,I,27
6,2012,BMX_Potencia_RR,PROT_TRIF[0.4],2,15,3024,2High,1Low,I,27
6,2012,BMX_Potencia_RR,PROT_TRIF[0.4],3,15,4080,2High,1Low,I,27
6,2012,BMX_Potencia_RR,PROT_TRIF[0.4],4,20,3936,2High,1Low,I,27
6,2012,BMX_Potencia_RR,PROT_TRIF[0.4],5,15,4014,2High,1Low,I,27
6,2012,BMX_Potencia_RR,TIOF[1],1,25,3708,2High,1Low,I,27
6,2012,BMX_Potencia_RR,TIOF[1],2,20,3882,2High,1Low,I,27
6,2012,BMX_Potencia_RR,TIOF[1],3,20,4002,2High,1Low,I,27
6,2012,BMX_Potencia_RR,TIOF[1],4,25,3660,2High,1Low,I,27
6,2012,BMX_Potencia_RR,TIOF[1],5,3,4242,2High,1Low,I,27
6,2012,BMX_Potencia_RR,ZZ_CHECK,1,20,3744,2High,1Low,I,27
6,2012,BMX_Potencia_RR,ZZ_CHECK,2,25,4002,2High,1Low,I,27
6,2012,BMX_Potencia_RR,ZZ_CHECK,3,30,4026,2High,1Low,I,27
6,2012,BMX_Potencia_RR,ZZ_CHECK,4,30,4092,2High,1Low,I,27
6,2012,BMX_Potencia_RR,ZZ_CHECK,5,30,3990,2High,1Low,I,27
7,2012,TMG803,CZM[1],1,42,3215,2High,2High,D,44.8
7,2012,TMG803,CZM[1],2,39,3375,2High,2High,D,44.8
7,2012,TMG803,CZM[1],3,39,3526,2High,2High,D,44.8
7,2012,TMG803,CZM[1],4,40,3295,2High,2High,D,44.8
7,2012,TMG803,CZM_CM_TEBU[1],1,32,3506,2High,2High,D,44.8
7,2012,TMG803,CZM_CM_TEBU[1],2,30,3187,2High,2High,D,44.8
7,2012,TMG803,CZM_CM_TEBU[1],3,30,3171,2High,2High,D,44.8
7,2012,TMG803,CZM_CM_TEBU[1],4,30,3526,2High,2High,D,44.8
7,2012,TMG803,CZM+LS[1+0.5],1,43,3091,2High,2High,D,44.8
7,2012,TMG803,CZM+LS[1+0.5],2,45,3515,2High,2High,D,44.8
7,2012,TMG803,CZM+LS[1+0.5],3,45,3200,2High,2High,D,44.8
7,2012,TMG803,CZM+LS[1+0.5],4,44,3552,2High,2High,D,44.8
7,2012,TMG803,EPO_FLUX_PYRA[0.8],1,8,3425,2High,2High,D,44.8
7,2012,TMG803,EPO_FLUX_PYRA[0.8],2,7,3755,2High,2High,D,44.8
7,2012,TMG803,EPO_FLUX_PYRA[0.8],3,8,3263,2High,2High,D,44.8
7,2012,TMG803,EPO_FLUX_PYRA[0.8],4,8,3910,2High,2High,D,44.8
7,2012,TMG803,EPO_FLUX_PYRA[1],1,5.5,3370,2High,2High,D,44.8
7,2012,TMG803,EPO_FLUX_PYRA[1],2,6,3340,2High,2High,D,44.8
7,2012,TMG803,EPO_FLUX_PYRA[1],3,6.5,3812,2High,2High,D,44.8
7,2012,TMG803,EPO_FLUX_PYRA[1],4,6.5,3740,2High,2High,D,44.8
7,2012,TMG803,FLUO[0.4],1,10,3332,2High,2High,D,44.8
7,2012,TMG803,FLUO[0.4],2,11,3670,2High,2High,D,44.8
7,2012,TMG803,FLUO[0.4],3,10,3199,2High,2High,D,44.8
7,2012,TMG803,FLUO[0.4],4,10,3853,2High,2High,D,44.8
7,2012,TMG803,PROT_TRIF[0.4],1,16,3384,2High,2High,D,44.8
7,2012,TMG803,PROT_TRIF[0.4],2,14,3361,2High,2High,D,44.8
7,2012,TMG803,PROT_TRIF[0.4],3,16,3478,2High,2High,D,44.8
7,2012,TMG803,PROT_TRIF[0.4],4,16,3816,2High,2High,D,44.8
7,2012,TMG803,TIOF[1],1,45,3078,2High,2High,D,44.8
7,2012,TMG803,TIOF[1],2,44,3238,2High,2High,D,44.8
7,2012,TMG803,TIOF[1],3,45,3318,2High,2High,D,44.8
7,2012,TMG803,TIOF[1],4,45,3496,2High,2High,D,44.8
7,2012,TMG803,ZZ_CHECK,1,43,2992,2High,2High,D,44.8
7,2012,TMG803,ZZ_CHECK,2,44,3321,2High,2High,D,44.8
7,2012,TMG803,ZZ_CHECK,3,46,3061,2High,2High,D,44.8
7,2012,TMG803,ZZ_CHECK,4,46,3547,2High,2High,D,44.8
8,2012,M8336_RR,CZM[1],1,41,3492,2High,2High,D,47.8
8,2012,M8336_RR,CZM[1],2,41,3386,2High,2High,D,47.8
8,2012,M8336_RR,CZM[1],3,41,3442,2High,2High,D,47.8
8,2012,M8336_RR,CZM[1],4,37.5,3256,2High,2High,D,47.8
8,2012,M8336_RR,CZM_CM_TEBU[1],1,30,3590,2High,2High,D,47.8
8,2012,M8336_RR,CZM_CM_TEBU[1],2,35,3542,2High,2High,D,47.8
8,2012,M8336_RR,CZM_CM_TEBU[1],3,32.5,3658,2High,2High,D,47.8
8,2012,M8336_RR,CZM_CM_TEBU[1],4,28,3505,2High,2High,D,47.8
8,2012,M8336_RR,CZM+LS[1+0.5],1,30,3584,2High,2High,D,47.8
8,2012,M8336_RR,CZM+LS[1+0.5],2,35,3593,2High,2High,D,47.8
8,2012,M8336_RR,CZM+LS[1+0.5],3,30.5,3443,2High,2High,D,47.8
8,2012,M8336_RR,CZM+LS[1+0.5],4,28,2985,2High,2High,D,47.8
8,2012,M8336_RR,EPO_FLUX_PYRA[0.8],1,27.5,3218,2High,2High,D,47.8
8,2012,M8336_RR,EPO_FLUX_PYRA[0.8],2,33.5,3824,2High,2High,D,47.8
8,2012,M8336_RR,EPO_FLUX_PYRA[0.8],3,30,3795,2High,2High,D,47.8
8,2012,M8336_RR,EPO_FLUX_PYRA[0.8],4,28,3417,2High,2High,D,47.8
8,2012,M8336_RR,EPO_FLUX_PYRA[1],1,26,3330,2High,2High,D,47.8
8,2012,M8336_RR,EPO_FLUX_PYRA[1],2,18,4174,2High,2High,D,47.8
8,2012,M8336_RR,EPO_FLUX_PYRA[1],3,24.5,3546,2High,2High,D,47.8
8,2012,M8336_RR,EPO_FLUX_PYRA[1],4,26.5,3150,2High,2High,D,47.8
8,2012,M8336_RR,FLUO[0.4],1,30,3387,2High,2High,D,47.8
8,2012,M8336_RR,FLUO[0.4],2,30,3798,2High,2High,D,47.8
8,2012,M8336_RR,FLUO[0.4],3,26,3598,2High,2High,D,47.8
8,2012,M8336_RR,FLUO[0.4],4,28.8,3226,2High,2High,D,47.8
8,2012,M8336_RR,PROT_TRIF[0.4],1,32.5,3625,2High,2High,D,47.8
8,2012,M8336_RR,PROT_TRIF[0.4],2,26.5,3419,2High,2High,D,47.8
8,2012,M8336_RR,PROT_TRIF[0.4],3,28.8,3324,2High,2High,D,47.8
8,2012,M8336_RR,PROT_TRIF[0.4],4,30,3517,2High,2High,D,47.8
8,2012,M8336_RR,TIOF[1],1,42,3126,2High,2High,D,47.8
8,2012,M8336_RR,TIOF[1],2,39,3614,2High,2High,D,47.8
8,2012,M8336_RR,TIOF[1],3,35,3656,2High,2High,D,47.8
8,2012,M8336_RR,TIOF[1],4,26.5,3141,2High,2High,D,47.8
8,2012,M8336_RR,ZZ_CHECK,1,46.5,3400,2High,2High,D,47.8
8,2012,M8336_RR,ZZ_CHECK,2,50,3594,2High,2High,D,47.8
8,2012,M8336_RR,ZZ_CHECK,3,48,2314,2High,2High,D,47.8
8,2012,M8336_RR,ZZ_CHECK,4,46.5,3406,2High,2High,D,47.8
13,2013,5G830_RR,AZ_SOLA[0.2],1,33,3270,2High,2High,D,48.5
13,2013,5G830_RR,AZ_SOLA[0.2],2,35,3235,2High,2High,D,48.5
13,2013,5G830_RR,AZ_SOLA[0.2],3,35,3023,2High,2High,D,48.5
13,2013,5G830_RR,AZ_SOLA[0.2],4,34,2796,2High,2High,D,48.5
13,2013,5G830_RR,AZ+CZM_TEBU[0.6+1],1,40,2548,2High,2High,D,48.5
13,2013,5G830_RR,AZ+CZM_TEBU[0.6+1],2,42,3090,2High,2High,D,48.5
13,2013,5G830_RR,AZ+CZM_TEBU[0.6+1],3,42,2847,2High,2High,D,48.5
13,2013,5G830_RR,AZ+CZM_TEBU[0.6+1],4,42,2627,2High,2High,D,48.5
13,2013,5G830_RR,CZM[1],1,45,2770,2High,2High,D,48.5
13,2013,5G830_RR,CZM[1],2,45,2560,2High,2High,D,48.5
13,2013,5G830_RR,CZM[1],3,47,2736,2High,2High,D,48.5
13,2013,5G830_RR,CZM[1],4,46,2444,2High,2High,D,48.5
13,2013,5G830_RR,CZM_CM_TEBU[1],1,40,3200,2High,2High,D,48.5
13,2013,5G830_RR,CZM_CM_TEBU[1],2,42,2812,2High,2High,D,48.5
13,2013,5G830_RR,CZM_CM_TEBU[1],3,42,2861,2High,2High,D,48.5
13,2013,5G830_RR,CZM_CM_TEBU[1],4,40,2624,2High,2High,D,48.5
13,2013,5G830_RR,EPO_FLUX_PYRA[0.8],1,13,3536,2High,2High,D,48.5
13,2013,5G830_RR,EPO_FLUX_PYRA[0.8],2,14,3763,2High,2High,D,48.5
13,2013,5G830_RR,EPO_FLUX_PYRA[0.8],3,13,3471,2High,2High,D,48.5
13,2013,5G830_RR,EPO_FLUX_PYRA[0.8],4,13,3147,2High,2High,D,48.5
13,2013,5G830_RR,FLUA[1],1,36,2813,2High,2High,D,48.5
13,2013,5G830_RR,FLUA[1],2,37,3009,2High,2High,D,48.5
13,2013,5G830_RR,FLUA[1],3,38,2587,2High,2High,D,48.5
13,2013,5G830_RR,FLUA[1],4,37,2476,2High,2High,D,48.5
13,2013,5G830_RR,FLUO[0.4],1,23,3366,2High,2High,D,48.5
13,2013,5G830_RR,FLUO[0.4],2,22,3108,2High,2High,D,48.5
13,2013,5G830_RR,FLUO[0.4],3,22,3450,2High,2High,D,48.5
13,2013,5G830_RR,FLUO[0.4],4,23,2815,2High,2High,D,48.5
13,2013,5G830_RR,FLUX_PYRA[0.35],1,17,3353,2High,2High,D,48.5
13,2013,5G830_RR,FLUX_PYRA[0.35],2,16,3636,2High,2High,D,48.5
13,2013,5G830_RR,FLUX_PYRA[0.35],3,16,3346,2High,2High,D,48.5
13,2013,5G830_RR,FLUX_PYRA[0.35],4,16,3248,2High,2High,D,48.5
13,2013,5G830_RR,PROT_TRIF[0.4],1,23,2960,2High,2High,D,48.5
13,2013,5G830_RR,PROT_TRIF[0.4],2,25,3440,2High,2High,D,48.5
13,2013,5G830_RR,PROT_TRIF[0.4],3,23,3169,2High,2High,D,48.5
13,2013,5G830_RR,PROT_TRIF[0.4],4,24,2915,2High,2High,D,48.5
13,2013,5G830_RR,ZZ_CHECK,1,48,2500,2High,2High,D,48.5
13,2013,5G830_RR,ZZ_CHECK,2,50,2602,2High,2High,D,48.5
13,2013,5G830_RR,ZZ_CHECK,3,48,3012,2High,2High,D,48.5
13,2013,5G830_RR,ZZ_CHECK,4,48,2635,2High,2High,D,48.5
18,2013,BMX_Potencia_RR,AZ_SOLA[0.2],1,10.2,3548,2High,2High,I,45.7
18,2013,BMX_Potencia_RR,AZ_SOLA[0.2],2,11.2,3630,2High,2High,I,45.7
18,2013,BMX_Potencia_RR,AZ_SOLA[0.2],3,11.8,3400,2High,2High,I,45.7
18,2013,BMX_Potencia_RR,AZ_SOLA[0.2],4,8.4,3682,2High,2High,I,45.7
18,2013,BMX_Potencia_RR,AZ+CZM_TEBU[0.6+1],1,8.3,3508,2High,2High,I,45.7
18,2013,BMX_Potencia_RR,AZ+CZM_TEBU[0.6+1],2,9.8,3583,2High,2High,I,45.7
18,2013,BMX_Potencia_RR,AZ+CZM_TEBU[0.6+1],3,10.6,3740,2High,2High,I,45.7
18,2013,BMX_Potencia_RR,AZ+CZM_TEBU[0.6+1],4,10.8,3752,2High,2High,I,45.7
18,2013,BMX_Potencia_RR,CZM[1],1,26.4,3189,2High,2High,I,45.7
18,2013,BMX_Potencia_RR,CZM[1],2,23.1,3065,2High,2High,I,45.7
18,2013,BMX_Potencia_RR,CZM[1],3,25.3,3256,2High,2High,I,45.7
18,2013,BMX_Potencia_RR,CZM[1],4,20.4,3154,2High,2High,I,45.7
18,2013,BMX_Potencia_RR,CZM_CM_TEBU[1],1,7.4,3239,2High,2High,I,45.7
18,2013,BMX_Potencia_RR,CZM_CM_TEBU[1],2,10.5,3186,2High,2High,I,45.7
18,2013,BMX_Potencia_RR,CZM_CM_TEBU[1],3,7.4,3165,2High,2High,I,45.7
18,2013,BMX_Potencia_RR,CZM_CM_TEBU[1],4,12.3,3349,2High,2High,I,45.7
18,2013,BMX_Potencia_RR,EPO_FLUX_PYRA[0.8],1,23.7,3745,2High,2High,I,45.7
18,2013,BMX_Potencia_RR,EPO_FLUX_PYRA[0.8],2,21.4,3777,2High,2High,I,45.7
18,2013,BMX_Potencia_RR,EPO_FLUX_PYRA[0.8],3,20.5,3576,2High,2High,I,45.7
18,2013,BMX_Potencia_RR,EPO_FLUX_PYRA[0.8],4,24.1,3756,2High,2High,I,45.7
18,2013,BMX_Potencia_RR,FLUA[1],1,23,3514,2High,2High,I,45.7
18,2013,BMX_Potencia_RR,FLUA[1],2,28.5,3463,2High,2High,I,45.7
18,2013,BMX_Potencia_RR,FLUA[1],3,22,3326,2High,2High,I,45.7
18,2013,BMX_Potencia_RR,FLUA[1],4,22,3495,2High,2High,I,45.7
18,2013,BMX_Potencia_RR,FLUO[0.4],1,46.7,3046,2High,2High,I,45.7
18,2013,BMX_Potencia_RR,FLUO[0.4],2,45.7,2636,2High,2High,I,45.7
18,2013,BMX_Potencia_RR,FLUO[0.4],3,40.3,2582,2High,2High,I,45.7
18,2013,BMX_Potencia_RR,FLUO[0.4],4,36.4,3012,2High,2High,I,45.7
18,2013,BMX_Potencia_RR,FLUX_PYRA[0.35],1,8.2,3182,2High,2High,I,45.7
18,2013,BMX_Potencia_RR,FLUX_PYRA[0.35],2,7.5,3265,2High,2High,I,45.7
18,2013,BMX_Potencia_RR,FLUX_PYRA[0.35],3,8,3204,2High,2High,I,45.7
18,2013,BMX_Potencia_RR,FLUX_PYRA[0.35],4,6.9,3304,2High,2High,I,45.7
18,2013,BMX_Potencia_RR,PROT_TRIF[0.4],1,15.8,3227,2High,2High,I,45.7
18,2013,BMX_Potencia_RR,PROT_TRIF[0.4],2,10.5,3069,2High,2High,I,45.7
18,2013,BMX_Potencia_RR,PROT_TRIF[0.4],3,14.5,3261,2High,2High,I,45.7
18,2013,BMX_Potencia_RR,PROT_TRIF[0.4],4,11.3,3026,2High,2High,I,45.7
18,2013,BMX_Potencia_RR,ZZ_CHECK,1,46.7,2729,2High,2High,I,45.7
18,2013,BMX_Potencia_RR,ZZ_CHECK,2,51.2,2692,2High,2High,I,45.7
18,2013,BMX_Potencia_RR,ZZ_CHECK,3,42.5,2687,2High,2High,I,45.7
18,2013,BMX_Potencia_RR,ZZ_CHECK,4,42.3,2651,2High,2High,I,45.7
20,2013,Syn1180_RR,AZ_SOLA[0.2],1,6,2940,2High,2High,I,26.5
20,2013,Syn1180_RR,AZ_SOLA[0.2],2,6.5,3016,2High,2High,I,26.5
20,2013,Syn1180_RR,AZ_SOLA[0.2],3,5,3041,2High,2High,I,26.5
20,2013,Syn1180_RR,AZ_SOLA[0.2],4,6,3121,2High,2High,I,26.5
20,2013,Syn1180_RR,AZ+CZM_TEBU[0.6+1],1,11,2743,2High,2High,I,26.5
20,2013,Syn1180_RR,AZ+CZM_TEBU[0.6+1],2,10.5,2776,2High,2High,I,26.5
20,2013,Syn1180_RR,AZ+CZM_TEBU[0.6+1],3,10,2781,2High,2High,I,26.5
20,2013,Syn1180_RR,AZ+CZM_TEBU[0.6+1],4,11,2883,2High,2High,I,26.5
20,2013,Syn1180_RR,CZM[1],1,8,2732,2High,2High,I,26.5
20,2013,Syn1180_RR,CZM[1],2,8.5,2843,2High,2High,I,26.5
20,2013,Syn1180_RR,CZM[1],3,8,2721,2High,2High,I,26.5
20,2013,Syn1180_RR,CZM[1],4,8,2905,2High,2High,I,26.5
20,2013,Syn1180_RR,CZM_CM_TEBU[1],1,8,2820,2High,2High,I,26.5
20,2013,Syn1180_RR,CZM_CM_TEBU[1],2,8,2853,2High,2High,I,26.5
20,2013,Syn1180_RR,CZM_CM_TEBU[1],3,8.5,2725,2High,2High,I,26.5
20,2013,Syn1180_RR,CZM_CM_TEBU[1],4,8.5,2826,2High,2High,I,26.5
20,2013,Syn1180_RR,EPO_FLUX_PYRA[0.8],1,5,3522,2High,2High,I,26.5
20,2013,Syn1180_RR,EPO_FLUX_PYRA[0.8],2,5.5,3305,2High,2High,I,26.5
20,2013,Syn1180_RR,EPO_FLUX_PYRA[0.8],3,5,3506,2High,2High,I,26.5
20,2013,Syn1180_RR,EPO_FLUX_PYRA[0.8],4,5.5,3426,2High,2High,I,26.5
20,2013,Syn1180_RR,FLUA[1],1,5,3007,2High,2High,I,26.5
20,2013,Syn1180_RR,FLUA[1],2,5.2,2920,2High,2High,I,26.5
20,2013,Syn1180_RR,FLUA[1],3,5.5,2966,2High,2High,I,26.5
20,2013,Syn1180_RR,FLUA[1],4,5.3,3067,2High,2High,I,26.5
20,2013,Syn1180_RR,FLUO[0.4],1,4,3411,2High,2High,I,26.5
20,2013,Syn1180_RR,FLUO[0.4],2,4.5,3504,2High,2High,I,26.5
20,2013,Syn1180_RR,FLUO[0.4],3,4.2,3410,2High,2High,I,26.5
20,2013,Syn1180_RR,FLUO[0.4],4,4.5,3416,2High,2High,I,26.5
20,2013,Syn1180_RR,FLUX_PYRA[0.35],1,6,3266,2High,2High,I,26.5
20,2013,Syn1180_RR,FLUX_PYRA[0.35],2,5.5,3342,2High,2High,I,26.5
20,2013,Syn1180_RR,FLUX_PYRA[0.35],3,5,3245,2High,2High,I,26.5
20,2013,Syn1180_RR,FLUX_PYRA[0.35],4,5.7,3457,2High,2High,I,26.5
20,2013,Syn1180_RR,PROT_TRIF[0.4],1,4,3235,2High,2High,I,26.5
20,2013,Syn1180_RR,PROT_TRIF[0.4],2,4.8,3418,2High,2High,I,26.5
20,2013,Syn1180_RR,PROT_TRIF[0.4],3,4.5,3400,2High,2High,I,26.5
20,2013,Syn1180_RR,PROT_TRIF[0.4],4,5,3467,2High,2High,I,26.5
20,2013,Syn1180_RR,ZZ_CHECK,1,28,2550,2High,2High,I,26.5
20,2013,Syn1180_RR,ZZ_CHECK,2,25,2508,2High,2High,I,26.5
20,2013,Syn1180_RR,ZZ_CHECK,3,28,2436,2High,2High,I,26.5
20,2013,Syn1180_RR,ZZ_CHECK,4,25,2511,2High,2High,I,26.5
22,2014,NA_5909_RG,BIXA_PROT_TRIF[0.5],1,1,3847,2High,1Low,I,28.1
22,2014,NA_5909_RG,BIXA_PROT_TRIF[0.5],2,2.5,4057,2High,1Low,I,28.1
22,2014,NA_5909_RG,BIXA_PROT_TRIF[0.5],3,1,3732,2High,1Low,I,28.1
22,2014,NA_5909_RG,BIXA_PROT_TRIF[0.5],4,1,4200,2High,1Low,I,28.1
22,2014,NA_5909_RG,CZM[1],1,30,3722,2High,1Low,I,28.1
22,2014,NA_5909_RG,CZM[1],2,22.5,3607,2High,1Low,I,28.1
22,2014,NA_5909_RG,CZM[1],3,16,3944,2High,1Low,I,28.1
22,2014,NA_5909_RG,CZM[1],4,29,3722,2High,1Low,I,28.1
22,2014,NA_5909_RG,CZM_CM_TEBU[1],1,10,3675,2High,1Low,I,28.1
22,2014,NA_5909_RG,CZM_CM_TEBU[1],2,7.5,3780,2High,1Low,I,28.1
22,2014,NA_5909_RG,CZM_CM_TEBU[1],3,13.5,3452,2High,1Low,I,28.1
22,2014,NA_5909_RG,CZM_CM_TEBU[1],4,10,3796,2High,1Low,I,28.1
22,2014,NA_5909_RG,CZM+CUP[1+0.5],1,17.5,3311,2High,1Low,I,28.1
22,2014,NA_5909_RG,CZM+CUP[1+0.5],2,12.5,3557,2High,1Low,I,28.1
22,2014,NA_5909_RG,CZM+CUP[1+0.5],3,16,3507,2High,1Low,I,28.1
22,2014,NA_5909_RG,CZM+CUP[1+0.5],4,27.5,3385,2High,1Low,I,28.1
22,2014,NA_5909_RG,EPO_FLUX_PYRA[0.8],1,0.5,3759,2High,1Low,I,28.1
22,2014,NA_5909_RG,EPO_FLUX_PYRA[0.8],2,1,3906,2High,1Low,I,28.1
22,2014,NA_5909_RG,EPO_FLUX_PYRA[0.8],3,1,3624,2High,1Low,I,28.1
22,2014,NA_5909_RG,EPO_FLUX_PYRA[0.8],4,1,3633,2High,1Low,I,28.1
22,2014,NA_5909_RG,FLUX_PYRA[0.35],1,1,3767,2High,1Low,I,28.1
22,2014,NA_5909_RG,FLUX_PYRA[0.35],2,1,4079,2High,1Low,I,28.1
22,2014,NA_5909_RG,FLUX_PYRA[0.35],3,5,3902,2High,1Low,I,28.1
22,2014,NA_5909_RG,FLUX_PYRA[0.35],4,1,4e3,2High,1Low,I,28.1
22,2014,NA_5909_RG,PROT_TRIF[0.4],1,5,3958,2High,1Low,I,28.1
22,2014,NA_5909_RG,PROT_TRIF[0.4],2,4,4090,2High,1Low,I,28.1
22,2014,NA_5909_RG,PROT_TRIF[0.4],3,7.5,3963,2High,1Low,I,28.1
22,2014,NA_5909_RG,PROT_TRIF[0.4],4,4,3850,2High,1Low,I,28.1
22,2014,NA_5909_RG,ZZ_CHECK,1,30,3634,2High,1Low,I,28.1
22,2014,NA_5909_RG,ZZ_CHECK,2,30,3670,2High,1Low,I,28.1
22,2014,NA_5909_RG,ZZ_CHECK,3,25,3537,2High,1Low,I,28.1
22,2014,NA_5909_RG,ZZ_CHECK,4,27.5,3722,2High,1Low,I,28.1
23,2014,TMG1179_RR,AZ_SOLA[0.2],1,40,3503,2High,1Low,D,51.2
23,2014,TMG1179_RR,AZ_SOLA[0.2],2,45,3568,2High,1Low,D,51.2
23,2014,TMG1179_RR,AZ_SOLA[0.2],3,50,3442,2High,1Low,D,51.2
23,2014,TMG1179_RR,AZ_SOLA[0.2],4,30,2674,2High,1Low,D,51.2
23,2014,TMG1179_RR,BIXA_PROT_TRIF[0.5],1,20,3618,2High,1Low,D,51.2
23,2014,TMG1179_RR,BIXA_PROT_TRIF[0.5],2,15,3333,2High,1Low,D,51.2
23,2014,TMG1179_RR,BIXA_PROT_TRIF[0.5],3,15,3410,2High,1Low,D,51.2
23,2014,TMG1179_RR,BIXA_PROT_TRIF[0.5],4,15,3467,2High,1Low,D,51.2
23,2014,TMG1179_RR,CZM[1],1,40,3645,2High,1Low,D,51.2
23,2014,TMG1179_RR,CZM[1],2,45,3068,2High,1Low,D,51.2
23,2014,TMG1179_RR,CZM[1],3,30,3675,2High,1Low,D,51.2
23,2014,TMG1179_RR,CZM[1],4,45,3021,2High,1Low,D,51.2
23,2014,TMG1179_RR,CZM_CM_TEBU[1],1,30,3788,2High,1Low,D,51.2
23,2014,TMG1179_RR,CZM_CM_TEBU[1],2,20,3166,2High,1Low,D,51.2
23,2014,TMG1179_RR,CZM_CM_TEBU[1],3,40,3277,2High,1Low,D,51.2
23,2014,TMG1179_RR,CZM_CM_TEBU[1],4,30,3922,2High,1Low,D,51.2
23,2014,TMG1179_RR,CZM+CUP[1+0.5],1,40,3176,2High,1Low,D,51.2
23,2014,TMG1179_RR,CZM+CUP[1+0.5],2,30,3324,2High,1Low,D,51.2
23,2014,TMG1179_RR,CZM+CUP[1+0.5],3,40,3003,2High,1Low,D,51.2
23,2014,TMG1179_RR,CZM+CUP[1+0.5],4,50,3043,2High,1Low,D,51.2
23,2014,TMG1179_RR,EPO_FLUX_PYRA[0.8],1,7,3273,2High,1Low,D,51.2
23,2014,TMG1179_RR,EPO_FLUX_PYRA[0.8],2,10,3404,2High,1Low,D,51.2
23,2014,TMG1179_RR,EPO_FLUX_PYRA[0.8],3,20,3495,2High,1Low,D,51.2
23,2014,TMG1179_RR,EPO_FLUX_PYRA[0.8],4,10,3533,2High,1Low,D,51.2
23,2014,TMG1179_RR,FLUX_PYRA[0.35],1,15,3393,2High,1Low,D,51.2
23,2014,TMG1179_RR,FLUX_PYRA[0.35],2,10,3606,2High,1Low,D,51.2
23,2014,TMG1179_RR,FLUX_PYRA[0.35],3,10,3529,2High,1Low,D,51.2
23,2014,TMG1179_RR,FLUX_PYRA[0.35],4,7,4063,2High,1Low,D,51.2
23,2014,TMG1179_RR,PROT_TRIF[0.4],1,10,3329,2High,1Low,D,51.2
23,2014,TMG1179_RR,PROT_TRIF[0.4],2,20,3176,2High,1Low,D,51.2
23,2014,TMG1179_RR,PROT_TRIF[0.4],3,30,3179,2High,1Low,D,51.2
23,2014,TMG1179_RR,PROT_TRIF[0.4],4,10,3343,2High,1Low,D,51.2
23,2014,TMG1179_RR,ZZ_CHECK,1,55,3345,2High,1Low,D,51.2
23,2014,TMG1179_RR,ZZ_CHECK,2,55,2995,2High,1Low,D,51.2
23,2014,TMG1179_RR,ZZ_CHECK,3,50,3295,2High,1Low,D,51.2
23,2014,TMG1179_RR,ZZ_CHECK,4,45,3555,2High,1Low,D,51.2
25,2014,TMG1179_RR,AZ_SOLA[0.2],1,20,3582.7,2High,1Low,D,22.5
25,2014,TMG1179_RR,AZ_SOLA[0.2],2,15,3584.2,2High,1Low,D,22.5
25,2014,TMG1179_RR,AZ_SOLA[0.2],3,15,3848.6,2High,1Low,D,22.5
25,2014,TMG1179_RR,AZ_SOLA[0.2],4,20,3516.1,2High,1Low,D,22.5
25,2014,TMG1179_RR,BIXA_PROT_TRIF[0.5],1,10,3441.9,2High,1Low,D,22.5
25,2014,TMG1179_RR,BIXA_PROT_TRIF[0.5],2,10,3782.1,2High,1Low,D,22.5
25,2014,TMG1179_RR,BIXA_PROT_TRIF[0.5],3,10,3616.5,2High,1Low,D,22.5
25,2014,TMG1179_RR,BIXA_PROT_TRIF[0.5],4,10,3548.5,2High,1Low,D,22.5
25,2014,TMG1179_RR,CZM[1],1,20,3946.9,2High,1Low,D,22.5
25,2014,TMG1179_RR,CZM[1],2,25,3888.9,2High,1Low,D,22.5
25,2014,TMG1179_RR,CZM[1],3,20,3598.3,2High,1Low,D,22.5
25,2014,TMG1179_RR,CZM[1],4,25,3602.4,2High,1Low,D,22.5
25,2014,TMG1179_RR,CZM_CM_TEBU[1],1,15,3258.6,2High,1Low,D,22.5
25,2014,TMG1179_RR,CZM_CM_TEBU[1],2,20,3701.8,2High,1Low,D,22.5
25,2014,TMG1179_RR,CZM_CM_TEBU[1],3,20,3025,2High,1Low,D,22.5
25,2014,TMG1179_RR,CZM_CM_TEBU[1],4,25,3723.9,2High,1Low,D,22.5
25,2014,TMG1179_RR,CZM+CUP[1+0.5],1,15,3457.6,2High,1Low,D,22.5
25,2014,TMG1179_RR,CZM+CUP[1+0.5],2,10,3831,2High,1Low,D,22.5
25,2014,TMG1179_RR,CZM+CUP[1+0.5],3,15,3697.4,2High,1Low,D,22.5
25,2014,TMG1179_RR,CZM+CUP[1+0.5],4,10,3281,2High,1Low,D,22.5
25,2014,TMG1179_RR,EPO_FLUX_PYRA[0.8],1,15,3608.3,2High,1Low,D,22.5
25,2014,TMG1179_RR,EPO_FLUX_PYRA[0.8],2,10,3613.3,2High,1Low,D,22.5
25,2014,TMG1179_RR,EPO_FLUX_PYRA[0.8],3,10,3196.2,2High,1Low,D,22.5
25,2014,TMG1179_RR,EPO_FLUX_PYRA[0.8],4,10,3326.3,2High,1Low,D,22.5
25,2014,TMG1179_RR,FLUX_PYRA[0.35],1,5,3714.3,2High,1Low,D,22.5
25,2014,TMG1179_RR,FLUX_PYRA[0.35],2,10,3542.5,2High,1Low,D,22.5
25,2014,TMG1179_RR,FLUX_PYRA[0.35],3,5,3307.3,2High,1Low,D,22.5
25,2014,TMG1179_RR,FLUX_PYRA[0.35],4,7,3233.3,2High,1Low,D,22.5
25,2014,TMG1179_RR,PROT_TRIF[0.4],1,20,3732.4,2High,1Low,D,22.5
25,2014,TMG1179_RR,PROT_TRIF[0.4],2,15,3483.4,2High,1Low,D,22.5
25,2014,TMG1179_RR,PROT_TRIF[0.4],3,25,3459.5,2High,1Low,D,22.5
25,2014,TMG1179_RR,PROT_TRIF[0.4],4,25,3550.6,2High,1Low,D,22.5
25,2014,TMG1179_RR,ZZ_CHECK,1,25,3967.1,2High,1Low,D,22.5
25,2014,TMG1179_RR,ZZ_CHECK,2,25,3528.2,2High,1Low,D,22.5
25,2014,TMG1179_RR,ZZ_CHECK,3,20,3616.5,2High,1Low,D,22.5
25,2014,TMG1179_RR,ZZ_CHECK,4,20,3073.1,2High,1Low,D,22.5
27,2014,TMG803,AZ_SOLA[0.2],1,13,3842,2High,1Low,D,33.2
27,2014,TMG803,AZ_SOLA[0.2],2,13.5,3804,2High,1Low,D,33.2
27,2014,TMG803,AZ_SOLA[0.2],3,10,3962,2High,1Low,D,33.2
27,2014,TMG803,AZ_SOLA[0.2],4,9,3881,2High,1Low,D,33.2
27,2014,TMG803,BIXA_PROT_TRIF[0.5],1,2.5,3524,2High,1Low,D,33.2
27,2014,TMG803,BIXA_PROT_TRIF[0.5],2,2,4346,2High,1Low,D,33.2
27,2014,TMG803,BIXA_PROT_TRIF[0.5],3,3,4207,2High,1Low,D,33.2
27,2014,TMG803,BIXA_PROT_TRIF[0.5],4,2.5,3832,2High,1Low,D,33.2
27,2014,TMG803,CZM[1],1,32,3662,2High,1Low,D,33.2
27,2014,TMG803,CZM[1],2,30,4006,2High,1Low,D,33.2
27,2014,TMG803,CZM[1],3,32.5,3874,2High,1Low,D,33.2
27,2014,TMG803,CZM[1],4,32,3489,2High,1Low,D,33.2
27,2014,TMG803,CZM_CM_TEBU[1],1,17,3826,2High,1Low,D,33.2
27,2014,TMG803,CZM_CM_TEBU[1],2,18.5,4134,2High,1Low,D,33.2
27,2014,TMG803,CZM_CM_TEBU[1],3,16,3329,2High,1Low,D,33.2
27,2014,TMG803,CZM_CM_TEBU[1],4,19,3199,2High,1Low,D,33.2
27,2014,TMG803,CZM+CUP[1+0.5],1,20,3653,2High,1Low,D,33.2
27,2014,TMG803,CZM+CUP[1+0.5],2,22,3714,2High,1Low,D,33.2
27,2014,TMG803,CZM+CUP[1+0.5],3,19,3344,2High,1Low,D,33.2
27,2014,TMG803,CZM+CUP[1+0.5],4,21,3394,2High,1Low,D,33.2
27,2014,TMG803,EPO_FLUX_PYRA[0.8],1,3,3751,2High,1Low,D,33.2
27,2014,TMG803,EPO_FLUX_PYRA[0.8],2,2.5,3954,2High,1Low,D,33.2
27,2014,TMG803,EPO_FLUX_PYRA[0.8],3,3,3416,2High,1Low,D,33.2
27,2014,TMG803,EPO_FLUX_PYRA[0.8],4,3,3838,2High,1Low,D,33.2
27,2014,TMG803,FLUX_PYRA[0.35],1,3,3885,2High,1Low,D,33.2
27,2014,TMG803,FLUX_PYRA[0.35],2,2.5,3902,2High,1Low,D,33.2
27,2014,TMG803,FLUX_PYRA[0.35],3,2.5,3174,2High,1Low,D,33.2
27,2014,TMG803,FLUX_PYRA[0.35],4,2.5,3853,2High,1Low,D,33.2
27,2014,TMG803,PROT_TRIF[0.4],1,6,3938,2High,1Low,D,33.2
27,2014,TMG803,PROT_TRIF[0.4],2,5,4111,2High,1Low,D,33.2
27,2014,TMG803,PROT_TRIF[0.4],3,6,3661,2High,1Low,D,33.2
27,2014,TMG803,PROT_TRIF[0.4],4,6,3660,2High,1Low,D,33.2
27,2014,TMG803,ZZ_CHECK,1,33,3819,2High,1Low,D,33.2
27,2014,TMG803,ZZ_CHECK,2,32,3916,2High,1Low,D,33.2
27,2014,TMG803,ZZ_CHECK,3,35,3656,2High,1Low,D,33.2
27,2014,TMG803,ZZ_CHECK,4,33,3083,2High,1Low,D,33.2
28,2014,BMX_Potencia_RR,AZ_SOLA[0.2],1,0.2,4715.1,2High,1Low,I,15.8
28,2014,BMX_Potencia_RR,AZ_SOLA[0.2],2,0.4,4473.8,2High,1Low,I,15.8
28,2014,BMX_Potencia_RR,AZ_SOLA[0.2],3,0.4,4232.4,2High,1Low,I,15.8
28,2014,BMX_Potencia_RR,AZ_SOLA[0.2],4,0.4,4122.3,2High,1Low,I,15.8
28,2014,BMX_Potencia_RR,BIXA_PROT_TRIF[0.5],1,0.2,4829.2,2High,1Low,I,15.8
28,2014,BMX_Potencia_RR,BIXA_PROT_TRIF[0.5],2,2.2,4868.9,2High,1Low,I,15.8
28,2014,BMX_Potencia_RR,BIXA_PROT_TRIF[0.5],3,1.4,4301.5,2High,1Low,I,15.8
28,2014,BMX_Potencia_RR,BIXA_PROT_TRIF[0.5],4,0.8,4236.9,2High,1Low,I,15.8
28,2014,BMX_Potencia_RR,CZM[1],1,9.2,3919.4,2High,1Low,I,15.8
28,2014,BMX_Potencia_RR,CZM[1],2,9.399999999999999,4269.5,2High,1Low,I,15.8
28,2014,BMX_Potencia_RR,CZM[1],3,8.2,3764.5,2High,1Low,I,15.8
28,2014,BMX_Potencia_RR,CZM[1],4,8.799999999999999,4531.7,2High,1Low,I,15.8
28,2014,BMX_Potencia_RR,CZM_CM_TEBU[1],1,3,4003.3,2High,1Low,I,15.8
28,2014,BMX_Potencia_RR,CZM_CM_TEBU[1],2,3.4000000000000004,4841.3,2High,1Low,I,15.8
28,2014,BMX_Potencia_RR,CZM_CM_TEBU[1],3,2.2,4328.6,2High,1Low,I,15.8
28,2014,BMX_Potencia_RR,CZM_CM_TEBU[1],4,3.6,4097.2,2High,1Low,I,15.8
28,2014,BMX_Potencia_RR,CZM+CUP[1+0.5],1,5,4495.2,2High,1Low,I,15.8
28,2014,BMX_Potencia_RR,CZM+CUP[1+0.5],2,5.6000000000000005,4065.5,2High,1Low,I,15.8
28,2014,BMX_Potencia_RR,CZM+CUP[1+0.5],3,7,4579.5,2High,1Low,I,15.8
28,2014,BMX_Potencia_RR,CZM+CUP[1+0.5],4,5.4,4432.2,2High,1Low,I,15.8
28,2014,BMX_Potencia_RR,EPO_FLUX_PYRA[0.8],1,0.4,4690.8,2High,1Low,I,15.8
28,2014,BMX_Potencia_RR,EPO_FLUX_PYRA[0.8],2,0.6000000000000001,4387.3,2High,1Low,I,15.8
28,2014,BMX_Potencia_RR,EPO_FLUX_PYRA[0.8],3,0.2,4424.7,2High,1Low,I,15.8
28,2014,BMX_Potencia_RR,EPO_FLUX_PYRA[0.8],4,0.2,4100.8,2High,1Low,I,15.8
28,2014,BMX_Potencia_RR,FLUX_PYRA[0.35],1,0.2,4137.6,2High,1Low,I,15.8
28,2014,BMX_Potencia_RR,FLUX_PYRA[0.35],2,0.8,4786.2,2High,1Low,I,15.8
28,2014,BMX_Potencia_RR,FLUX_PYRA[0.35],3,0.4,4521.7,2High,1Low,I,15.8
28,2014,BMX_Potencia_RR,FLUX_PYRA[0.35],4,0.2,4322.7,2High,1Low,I,15.8
28,2014,BMX_Potencia_RR,PROT_TRIF[0.4],1,0.6000000000000001,4322.5,2High,1Low,I,15.8
28,2014,BMX_Potencia_RR,PROT_TRIF[0.4],2,1,4151.2,2High,1Low,I,15.8
28,2014,BMX_Potencia_RR,PROT_TRIF[0.4],3,0.8,4453.2,2High,1Low,I,15.8
28,2014,BMX_Potencia_RR,PROT_TRIF[0.4],4,0.6000000000000001,4041.6,2High,1Low,I,15.8
28,2014,BMX_Potencia_RR,ZZ_CHECK,1,15,3985.1,2High,1Low,I,15.8
28,2014,BMX_Potencia_RR,ZZ_CHECK,2,16,4304.6,2High,1Low,I,15.8
28,2014,BMX_Potencia_RR,ZZ_CHECK,3,17.4,4433.1,2High,1Low,I,15.8
28,2014,BMX_Potencia_RR,ZZ_CHECK,4,14.6,4286.3,2High,1Low,I,15.8
29,2014,BRSGO_8151_RR,AZ_SOLA[0.2],1,5.4,4170,2High,2High,I,12.5
29,2014,BRSGO_8151_RR,AZ_SOLA[0.2],2,5.5,4100,2High,2High,I,12.5
29,2014,BRSGO_8151_RR,AZ_SOLA[0.2],3,5.35,4160,2High,2High,I,12.5
29,2014,BRSGO_8151_RR,AZ_SOLA[0.2],4,5.15,4190,2High,2High,I,12.5
29,2014,BRSGO_8151_RR,BIXA_PROT_TRIF[0.5],1,4.55,4320,2High,2High,I,12.5
29,2014,BRSGO_8151_RR,BIXA_PROT_TRIF[0.5],2,4.75,4280,2High,2High,I,12.5
29,2014,BRSGO_8151_RR,BIXA_PROT_TRIF[0.5],3,4.8,4220,2High,2High,I,12.5
29,2014,BRSGO_8151_RR,BIXA_PROT_TRIF[0.5],4,4.15,4e3,2High,2High,I,12.5
29,2014,BRSGO_8151_RR,CZM[1],1,7.9,4040,2High,2High,I,12.5
29,2014,BRSGO_8151_RR,CZM[1],2,11.1,4185,2High,2High,I,12.5
29,2014,BRSGO_8151_RR,CZM[1],3,11.8,4060,2High,2High,I,12.5
29,2014,BRSGO_8151_RR,CZM[1],4,8.9,4210,2High,2High,I,12.5
29,2014,BRSGO_8151_RR,CZM_CM_TEBU[1],1,7.15,4210,2High,2High,I,12.5
29,2014,BRSGO_8151_RR,CZM_CM_TEBU[1],2,6.3,4165,2High,2High,I,12.5
29,2014,BRSGO_8151_RR,CZM_CM_TEBU[1],3,5.95,4030,2High,2High,I,12.5
29,2014,BRSGO_8151_RR,CZM_CM_TEBU[1],4,6.5,4240,2High,2High,I,12.5
29,2014,BRSGO_8151_RR,CZM+CUP[1+0.5],1,7.74,4110,2High,2High,I,12.5
29,2014,BRSGO_8151_RR,CZM+CUP[1+0.5],2,7.55,4170,2High,2High,I,12.5
29,2014,BRSGO_8151_RR,CZM+CUP[1+0.5],3,6.6,4080,2High,2High,I,12.5
29,2014,BRSGO_8151_RR,CZM+CUP[1+0.5],4,6.95,4130,2High,2High,I,12.5
29,2014,BRSGO_8151_RR,EPO_FLUX_PYRA[0.8],1,5.25,4230,2High,2High,I,12.5
29,2014,BRSGO_8151_RR,EPO_FLUX_PYRA[0.8],2,5.5,4220,2High,2High,I,12.5
29,2014,BRSGO_8151_RR,EPO_FLUX_PYRA[0.8],3,5.45,4200,2High,2High,I,12.5
29,2014,BRSGO_8151_RR,EPO_FLUX_PYRA[0.8],4,6.35,4195,2High,2High,I,12.5
29,2014,BRSGO_8151_RR,FLUX_PYRA[0.35],1,5.45,4190,2High,2High,I,12.5
29,2014,BRSGO_8151_RR,FLUX_PYRA[0.35],2,3.95,4305,2High,2High,I,12.5
29,2014,BRSGO_8151_RR,FLUX_PYRA[0.35],3,5.55,4170,2High,2High,I,12.5
29,2014,BRSGO_8151_RR,FLUX_PYRA[0.35],4,6,4190,2High,2High,I,12.5
29,2014,BRSGO_8151_RR,PROT_TRIF[0.4],1,4.4,4700,2High,2High,I,12.5
29,2014,BRSGO_8151_RR,PROT_TRIF[0.4],2,4.35,4830,2High,2High,I,12.5
29,2014,BRSGO_8151_RR,PROT_TRIF[0.4],3,5,4640,2High,2High,I,12.5
29,2014,BRSGO_8151_RR,PROT_TRIF[0.4],4,4.95,4560,2High,2High,I,12.5
29,2014,BRSGO_8151_RR,ZZ_CHECK,1,12.05,3790,2High,2High,I,12.5
29,2014,BRSGO_8151_RR,ZZ_CHECK,2,10.95,3560,2High,2High,I,12.5
29,2014,BRSGO_8151_RR,ZZ_CHECK,3,10.75,3800,2High,2High,I,12.5
29,2014,BRSGO_8151_RR,ZZ_CHECK,4,16.15,3850,2High,2High,I,12.5
30,2014,BRSGO_9160_RR,AZ_SOLA[0.2],1,8.9,4130,2High,2High,D,20.1
30,2014,BRSGO_9160_RR,AZ_SOLA[0.2],2,8,3990,2High,2High,D,20.1
30,2014,BRSGO_9160_RR,AZ_SOLA[0.2],3,6.5,4190,2High,2High,D,20.1
30,2014,BRSGO_9160_RR,AZ_SOLA[0.2],4,6.6,4210,2High,2High,D,20.1
30,2014,BRSGO_9160_RR,BIXA_PROT_TRIF[0.5],1,7.1,4280,2High,2High,D,20.1
30,2014,BRSGO_9160_RR,BIXA_PROT_TRIF[0.5],2,6.7,4220,2High,2High,D,20.1
30,2014,BRSGO_9160_RR,BIXA_PROT_TRIF[0.5],3,6.2,4190,2High,2High,D,20.1
30,2014,BRSGO_9160_RR,BIXA_PROT_TRIF[0.5],4,6.3,4240,2High,2High,D,20.1
30,2014,BRSGO_9160_RR,CZM[1],1,7.3,4090,2High,2High,D,20.1
30,2014,BRSGO_9160_RR,CZM[1],2,7.3,4060,2High,2High,D,20.1
30,2014,BRSGO_9160_RR,CZM[1],3,8.7,4080,2High,2High,D,20.1
30,2014,BRSGO_9160_RR,CZM[1],4,8.6,3970,2High,2High,D,20.1
30,2014,BRSGO_9160_RR,CZM_CM_TEBU[1],1,10.4,3990,2High,2High,D,20.1
30,2014,BRSGO_9160_RR,CZM_CM_TEBU[1],2,9.4,4160,2High,2High,D,20.1
30,2014,BRSGO_9160_RR,CZM_CM_TEBU[1],3,6.9,4020,2High,2High,D,20.1
30,2014,BRSGO_9160_RR,CZM_CM_TEBU[1],4,7.5,4040,2High,2High,D,20.1
30,2014,BRSGO_9160_RR,CZM+CUP[1+0.5],1,13.3,4160,2High,2High,D,20.1
30,2014,BRSGO_9160_RR,CZM+CUP[1+0.5],2,12.3,4130,2High,2High,D,20.1
30,2014,BRSGO_9160_RR,CZM+CUP[1+0.5],3,9.5,4140,2High,2High,D,20.1
30,2014,BRSGO_9160_RR,CZM+CUP[1+0.5],4,8.9,4120,2High,2High,D,20.1
30,2014,BRSGO_9160_RR,EPO_FLUX_PYRA[0.8],1,8.3,4330,2High,2High,D,20.1
30,2014,BRSGO_9160_RR,EPO_FLUX_PYRA[0.8],2,7.2,4190,2High,2High,D,20.1
30,2014,BRSGO_9160_RR,EPO_FLUX_PYRA[0.8],3,6.3,4250,2High,2High,D,20.1
30,2014,BRSGO_9160_RR,EPO_FLUX_PYRA[0.8],4,7.1,4240,2High,2High,D,20.1
30,2014,BRSGO_9160_RR,FLUX_PYRA[0.35],1,8.1,4130,2High,2High,D,20.1
30,2014,BRSGO_9160_RR,FLUX_PYRA[0.35],2,7.5,4200,2High,2High,D,20.1
30,2014,BRSGO_9160_RR,FLUX_PYRA[0.35],3,7.5,4290,2High,2High,D,20.1
30,2014,BRSGO_9160_RR,FLUX_PYRA[0.35],4,7,4220,2High,2High,D,20.1
30,2014,BRSGO_9160_RR,PROT_TRIF[0.4],1,7.8,4510,2High,2High,D,20.1
30,2014,BRSGO_9160_RR,PROT_TRIF[0.4],2,6.8,4340,2High,2High,D,20.1
30,2014,BRSGO_9160_RR,PROT_TRIF[0.4],3,6.8,4550,2High,2High,D,20.1
30,2014,BRSGO_9160_RR,PROT_TRIF[0.4],4,6,4730,2High,2High,D,20.1
30,2014,BRSGO_9160_RR,ZZ_CHECK,1,20.2,3750,2High,2High,D,20.1
30,2014,BRSGO_9160_RR,ZZ_CHECK,2,20.6,3720,2High,2High,D,20.1
30,2014,BRSGO_9160_RR,ZZ_CHECK,3,19.6,3780,2High,2High,D,20.1
31,2014,M9144_RR,AZ_SOLA[0.2],1,31.5,2210,1Low,2High,D,41
31,2014,M9144_RR,AZ_SOLA[0.2],2,32,2250,1Low,2High,D,41
31,2014,M9144_RR,AZ_SOLA[0.2],3,32.5,2160,1Low,2High,D,41
31,2014,M9144_RR,AZ_SOLA[0.2],4,33,2175,1Low,2High,D,41
31,2014,M9144_RR,BIXA_PROT_TRIF[0.5],1,30.5,2210,1Low,2High,D,41
31,2014,M9144_RR,BIXA_PROT_TRIF[0.5],2,30.5,2280,1Low,2High,D,41
31,2014,M9144_RR,BIXA_PROT_TRIF[0.5],3,30.5,2280,1Low,2High,D,41
31,2014,M9144_RR,BIXA_PROT_TRIF[0.5],4,30.5,2270,1Low,2High,D,41
31,2014,M9144_RR,CZM[1],1,35.5,1900,1Low,2High,D,41
31,2014,M9144_RR,CZM[1],2,34,1960,1Low,2High,D,41
31,2014,M9144_RR,CZM[1],3,34.2,1860,1Low,2High,D,41
31,2014,M9144_RR,CZM[1],4,33,1990,1Low,2High,D,41
31,2014,M9144_RR,CZM_CM_TEBU[1],1,32,1900,1Low,2High,D,41
31,2014,M9144_RR,CZM_CM_TEBU[1],2,32,2160,1Low,2High,D,41
31,2014,M9144_RR,CZM_CM_TEBU[1],3,32,1960,1Low,2High,D,41
31,2014,M9144_RR,CZM_CM_TEBU[1],4,31.5,2030,1Low,2High,D,41
31,2014,M9144_RR,CZM+CUP[1+0.5],1,32,2120,1Low,2High,D,41
31,2014,M9144_RR,CZM+CUP[1+0.5],2,31,2060,1Low,2High,D,41
31,2014,M9144_RR,CZM+CUP[1+0.5],3,32,2070,1Low,2High,D,41
31,2014,M9144_RR,CZM+CUP[1+0.5],4,31.5,2100,1Low,2High,D,41
31,2014,M9144_RR,EPO_FLUX_PYRA[0.8],1,31.5,2190,1Low,2High,D,41
31,2014,M9144_RR,EPO_FLUX_PYRA[0.8],2,32.5,2250,1Low,2High,D,41
31,2014,M9144_RR,EPO_FLUX_PYRA[0.8],3,33,2230,1Low,2High,D,41
31,2014,M9144_RR,EPO_FLUX_PYRA[0.8],4,31,2200,1Low,2High,D,41
31,2014,M9144_RR,FLUX_PYRA[0.35],1,33.5,2130,1Low,2High,D,41
31,2014,M9144_RR,FLUX_PYRA[0.35],2,33,2160,1Low,2High,D,41
31,2014,M9144_RR,FLUX_PYRA[0.35],3,33,2140,1Low,2High,D,41
31,2014,M9144_RR,FLUX_PYRA[0.35],4,34,2165,1Low,2High,D,41
31,2014,M9144_RR,PROT_TRIF[0.4],1,31,2520,1Low,2High,D,41
31,2014,M9144_RR,PROT_TRIF[0.4],2,31,2400,1Low,2High,D,41
31,2014,M9144_RR,PROT_TRIF[0.4],3,32.5,2430,1Low,2High,D,41
31,2014,M9144_RR,PROT_TRIF[0.4],4,32.5,2410,1Low,2High,D,41
31,2014,M9144_RR,ZZ_CHECK,1,42.3,1770,1Low,2High,D,41
31,2014,M9144_RR,ZZ_CHECK,2,41.1,1380,1Low,2High,D,41
31,2014,M9144_RR,ZZ_CHECK,3,40.4,1790,1Low,2High,D,41
31,2014,M9144_RR,ZZ_CHECK,4,40.4,1530,1Low,2High,D,41
32,2014,BRSGO_8661_RR,AZ_SOLA[0.2],1,9,2479,1Low,2High,D,11
32,2014,BRSGO_8661_RR,AZ_SOLA[0.2],2,11,2610,1Low,2High,D,11
32,2014,BRSGO_8661_RR,AZ_SOLA[0.2],3,11,2397,1Low,2High,D,11
32,2014,BRSGO_8661_RR,AZ_SOLA[0.2],4,9,2472,1Low,2High,D,11
32,2014,BRSGO_8661_RR,BIXA_PROT_TRIF[0.5],1,8,2601,1Low,2High,D,11
32,2014,BRSGO_8661_RR,BIXA_PROT_TRIF[0.5],2,6,2633,1Low,2High,D,11
32,2014,BRSGO_8661_RR,BIXA_PROT_TRIF[0.5],3,7,2633,1Low,2High,D,11
32,2014,BRSGO_8661_RR,BIXA_PROT_TRIF[0.5],4,6,2441,1Low,2High,D,11
32,2014,BRSGO_8661_RR,CZM[1],1,8,2600,1Low,2High,D,11
32,2014,BRSGO_8661_RR,CZM[1],2,5,2314,1Low,2High,D,11
32,2014,BRSGO_8661_RR,CZM[1],3,7,2509,1Low,2High,D,11
32,2014,BRSGO_8661_RR,CZM[1],4,7,2491,1Low,2High,D,11
32,2014,BRSGO_8661_RR,CZM_CM_TEBU[1],1,8,2255,1Low,2High,D,11
32,2014,BRSGO_8661_RR,CZM_CM_TEBU[1],2,9,2280,1Low,2High,D,11
32,2014,BRSGO_8661_RR,CZM_CM_TEBU[1],3,7,2503,1Low,2High,D,11
32,2014,BRSGO_8661_RR,CZM_CM_TEBU[1],4,9,2640,1Low,2High,D,11
32,2014,BRSGO_8661_RR,CZM+CUP[1+0.5],1,10,2141,1Low,2High,D,11
32,2014,BRSGO_8661_RR,CZM+CUP[1+0.5],2,12,2573,1Low,2High,D,11
32,2014,BRSGO_8661_RR,CZM+CUP[1+0.5],3,8,2510,1Low,2High,D,11
32,2014,BRSGO_8661_RR,CZM+CUP[1+0.5],4,10,2434,1Low,2High,D,11
32,2014,BRSGO_8661_RR,EPO_FLUX_PYRA[0.8],1,3,2573,1Low,2High,D,11
32,2014,BRSGO_8661_RR,EPO_FLUX_PYRA[0.8],2,6,2723,1Low,2High,D,11
32,2014,BRSGO_8661_RR,EPO_FLUX_PYRA[0.8],3,7,2604,1Low,2High,D,11
32,2014,BRSGO_8661_RR,EPO_FLUX_PYRA[0.8],4,5,2496,1Low,2High,D,11
32,2014,BRSGO_8661_RR,FLUX_PYRA[0.35],1,3,2585,1Low,2High,D,11
32,2014,BRSGO_8661_RR,FLUX_PYRA[0.35],2,5,2760,1Low,2High,D,11
32,2014,BRSGO_8661_RR,FLUX_PYRA[0.35],3,6,2466,1Low,2High,D,11
32,2014,BRSGO_8661_RR,FLUX_PYRA[0.35],4,5,2338,1Low,2High,D,11
32,2014,BRSGO_8661_RR,PROT_TRIF[0.4],1,7,2761,1Low,2High,D,11
32,2014,BRSGO_8661_RR,PROT_TRIF[0.4],2,7,2505,1Low,2High,D,11
32,2014,BRSGO_8661_RR,PROT_TRIF[0.4],3,6,2581,1Low,2High,D,11
32,2014,BRSGO_8661_RR,PROT_TRIF[0.4],4,5,2602,1Low,2High,D,11
32,2014,BRSGO_8661_RR,ZZ_CHECK,1,13,2152,1Low,2High,D,11
32,2014,BRSGO_8661_RR,ZZ_CHECK,2,10,2011,1Low,2High,D,11
32,2014,BRSGO_8661_RR,ZZ_CHECK,3,11,2192,1Low,2High,D,11
32,2014,BRSGO_8661_RR,ZZ_CHECK,4,10,2253,1Low,2High,D,11
33,2014,M9144_RR,AZ_SOLA[0.2],1,14,2110,1Low,2High,D,18
33,2014,M9144_RR,AZ_SOLA[0.2],2,11,2103,1Low,2High,D,18
33,2014,M9144_RR,AZ_SOLA[0.2],3,10,2246,1Low,2High,D,18
33,2014,M9144_RR,AZ_SOLA[0.2],4,12,2275,1Low,2High,D,18
33,2014,M9144_RR,BIXA_PROT_TRIF[0.5],1,6,2120,1Low,2High,D,18
33,2014,M9144_RR,BIXA_PROT_TRIF[0.5],2,7,2047,1Low,2High,D,18
33,2014,M9144_RR,BIXA_PROT_TRIF[0.5],3,7,2127,1Low,2High,D,18
33,2014,M9144_RR,BIXA_PROT_TRIF[0.5],4,7,2281,1Low,2High,D,18
33,2014,M9144_RR,CZM[1],1,12,1689,1Low,2High,D,18
33,2014,M9144_RR,CZM[1],2,11,1584,1Low,2High,D,18
33,2014,M9144_RR,CZM[1],3,12,1483,1Low,2High,D,18
33,2014,M9144_RR,CZM[1],4,12,1680,1Low,2High,D,18
33,2014,M9144_RR,CZM_CM_TEBU[1],1,8,1696,1Low,2High,D,18
33,2014,M9144_RR,CZM_CM_TEBU[1],2,7,1677,1Low,2High,D,18
33,2014,M9144_RR,CZM_CM_TEBU[1],3,11,1748,1Low,2High,D,18
33,2014,M9144_RR,CZM_CM_TEBU[1],4,9,1746,1Low,2High,D,18
33,2014,M9144_RR,CZM+CUP[1+0.5],1,10,1986,1Low,2High,D,18
33,2014,M9144_RR,CZM+CUP[1+0.5],2,11,1997,1Low,2High,D,18
33,2014,M9144_RR,CZM+CUP[1+0.5],3,9,1890,1Low,2High,D,18
33,2014,M9144_RR,CZM+CUP[1+0.5],4,10,1917,1Low,2High,D,18
33,2014,M9144_RR,EPO_FLUX_PYRA[0.8],1,6,2062,1Low,2High,D,18
33,2014,M9144_RR,EPO_FLUX_PYRA[0.8],2,7,2174,1Low,2High,D,18
33,2014,M9144_RR,EPO_FLUX_PYRA[0.8],3,7,2129,1Low,2High,D,18
33,2014,M9144_RR,EPO_FLUX_PYRA[0.8],4,7,2169,1Low,2High,D,18
33,2014,M9144_RR,FLUX_PYRA[0.35],1,4,2077,1Low,2High,D,18
33,2014,M9144_RR,FLUX_PYRA[0.35],2,5,2060,1Low,2High,D,18
33,2014,M9144_RR,FLUX_PYRA[0.35],3,6,2125,1Low,2High,D,18
33,2014,M9144_RR,FLUX_PYRA[0.35],4,6,2118,1Low,2High,D,18
33,2014,M9144_RR,PROT_TRIF[0.4],1,6,2137,1Low,2High,D,18
33,2014,M9144_RR,PROT_TRIF[0.4],2,5,2265,1Low,2High,D,18
33,2014,M9144_RR,PROT_TRIF[0.4],3,7,2379,1Low,2High,D,18
33,2014,M9144_RR,PROT_TRIF[0.4],4,6,2535,1Low,2High,D,18
33,2014,M9144_RR,ZZ_CHECK,1,21,1486,1Low,2High,D,18
33,2014,M9144_RR,ZZ_CHECK,2,16,1433,1Low,2High,D,18
33,2014,M9144_RR,ZZ_CHECK,3,18,1480,1Low,2High,D,18
33,2014,M9144_RR,ZZ_CHECK,4,17,1544,1Low,2High,D,18
34,2014,NA_5909_RG,AZ_SOLA[0.2],1,1,3068,1Low,1Low,I,14.5
34,2014,NA_5909_RG,AZ_SOLA[0.2],2,3,2728,1Low,1Low,I,14.5
34,2014,NA_5909_RG,AZ_SOLA[0.2],3,5,2693,1Low,1Low,I,14.5
34,2014,NA_5909_RG,AZ_SOLA[0.2],4,2,2726,1Low,1Low,I,14.5
34,2014,NA_5909_RG,BIXA_PROT_TRIF[0.5],1,2,2950,1Low,1Low,I,14.5
34,2014,NA_5909_RG,BIXA_PROT_TRIF[0.5],2,3,3579,1Low,1Low,I,14.5
34,2014,NA_5909_RG,BIXA_PROT_TRIF[0.5],3,2,2903,1Low,1Low,I,14.5
34,2014,NA_5909_RG,BIXA_PROT_TRIF[0.5],4,2,2781,1Low,1Low,I,14.5
34,2014,NA_5909_RG,CZM[1],1,7,2833,1Low,1Low,I,14.5
34,2014,NA_5909_RG,CZM[1],2,4,3428,1Low,1Low,I,14.5
34,2014,NA_5909_RG,CZM[1],3,1,2906,1Low,1Low,I,14.5
34,2014,NA_5909_RG,CZM[1],4,5,3362,1Low,1Low,I,14.5
34,2014,NA_5909_RG,CZM_CM_TEBU[1],1,6,3063,1Low,1Low,I,14.5
34,2014,NA_5909_RG,CZM_CM_TEBU[1],2,7,3241,1Low,1Low,I,14.5
34,2014,NA_5909_RG,CZM_CM_TEBU[1],3,7,2899,1Low,1Low,I,14.5
34,2014,NA_5909_RG,CZM_CM_TEBU[1],4,5,3234,1Low,1Low,I,14.5
34,2014,NA_5909_RG,CZM+CUP[1+0.5],1,5,3653,1Low,1Low,I,14.5
34,2014,NA_5909_RG,CZM+CUP[1+0.5],2,4,3388,1Low,1Low,I,14.5
34,2014,NA_5909_RG,CZM+CUP[1+0.5],3,4,3089,1Low,1Low,I,14.5
34,2014,NA_5909_RG,CZM+CUP[1+0.5],4,4,3588,1Low,1Low,I,14.5
34,2014,NA_5909_RG,EPO_FLUX_PYRA[0.8],1,2,2774,1Low,1Low,I,14.5
34,2014,NA_5909_RG,EPO_FLUX_PYRA[0.8],2,2,3041,1Low,1Low,I,14.5
34,2014,NA_5909_RG,EPO_FLUX_PYRA[0.8],3,1,2975,1Low,1Low,I,14.5
34,2014,NA_5909_RG,EPO_FLUX_PYRA[0.8],4,1,2704,1Low,1Low,I,14.5
34,2014,NA_5909_RG,FLUX_PYRA[0.35],1,1,2660,1Low,1Low,I,14.5
34,2014,NA_5909_RG,FLUX_PYRA[0.35],2,5,2735,1Low,1Low,I,14.5
34,2014,NA_5909_RG,FLUX_PYRA[0.35],3,2,2920,1Low,1Low,I,14.5
34,2014,NA_5909_RG,FLUX_PYRA[0.35],4,4,3354,1Low,1Low,I,14.5
34,2014,NA_5909_RG,PROT_TRIF[0.4],1,3,2440,1Low,1Low,I,14.5
34,2014,NA_5909_RG,PROT_TRIF[0.4],2,1,3260,1Low,1Low,I,14.5
34,2014,NA_5909_RG,PROT_TRIF[0.4],3,2,2981,1Low,1Low,I,14.5
34,2014,NA_5909_RG,PROT_TRIF[0.4],4,3,3384,1Low,1Low,I,14.5
34,2014,NA_5909_RG,ZZ_CHECK,1,25,3176,1Low,1Low,I,14.5
34,2014,NA_5909_RG,ZZ_CHECK,2,7,2774,1Low,1Low,I,14.5
34,2014,NA_5909_RG,ZZ_CHECK,3,10,2677,1Low,1Low,I,14.5
34,2014,NA_5909_RG,ZZ_CHECK,4,16,3156,1Low,1Low,I,14.5
37,2014,BMX_Ativa_RR,AZ_SOLA[0.2],1,5.2,2761,1Low,2High,D,29.4
37,2014,BMX_Ativa_RR,AZ_SOLA[0.2],2,4.8,3221,1Low,2High,D,29.4
37,2014,BMX_Ativa_RR,AZ_SOLA[0.2],3,6,3031,1Low,2High,D,29.4
37,2014,BMX_Ativa_RR,AZ_SOLA[0.2],4,5.4,3282,1Low,2High,D,29.4
37,2014,BMX_Ativa_RR,BIXA_PROT_TRIF[0.5],1,8.2,2650,1Low,2High,D,29.4
37,2014,BMX_Ativa_RR,BIXA_PROT_TRIF[0.5],2,8,2223,1Low,2High,D,29.4
37,2014,BMX_Ativa_RR,BIXA_PROT_TRIF[0.5],3,7.4,2697,1Low,2High,D,29.4
37,2014,BMX_Ativa_RR,BIXA_PROT_TRIF[0.5],4,7.2,2756,1Low,2High,D,29.4
37,2014,BMX_Ativa_RR,CZM[1],1,19.6,2447,1Low,2High,D,29.4
37,2014,BMX_Ativa_RR,CZM[1],2,19.2,2592,1Low,2High,D,29.4
37,2014,BMX_Ativa_RR,CZM[1],3,18.6,2288,1Low,2High,D,29.4
37,2014,BMX_Ativa_RR,CZM[1],4,17.4,2189,1Low,2High,D,29.4
37,2014,BMX_Ativa_RR,CZM_CM_TEBU[1],1,11.4,2813,1Low,2High,D,29.4
37,2014,BMX_Ativa_RR,CZM_CM_TEBU[1],2,12.6,2440,1Low,2High,D,29.4
37,2014,BMX_Ativa_RR,CZM_CM_TEBU[1],3,12.8,2948,1Low,2High,D,29.4
37,2014,BMX_Ativa_RR,CZM_CM_TEBU[1],4,11.8,2950,1Low,2High,D,29.4
37,2014,BMX_Ativa_RR,CZM+CUP[1+0.5],1,21,2319,1Low,2High,D,29.4
37,2014,BMX_Ativa_RR,CZM+CUP[1+0.5],2,20,2420,1Low,2High,D,29.4
37,2014,BMX_Ativa_RR,CZM+CUP[1+0.5],3,19.2,2444,1Low,2High,D,29.4
37,2014,BMX_Ativa_RR,CZM+CUP[1+0.5],4,19.4,2267,1Low,2High,D,29.4
37,2014,BMX_Ativa_RR,EPO_FLUX_PYRA[0.8],1,10.2,3011,1Low,2High,D,29.4
37,2014,BMX_Ativa_RR,EPO_FLUX_PYRA[0.8],2,9.6,3282,1Low,2High,D,29.4
37,2014,BMX_Ativa_RR,EPO_FLUX_PYRA[0.8],3,10.6,2683,1Low,2High,D,29.4
37,2014,BMX_Ativa_RR,EPO_FLUX_PYRA[0.8],4,11,3117,1Low,2High,D,29.4
37,2014,BMX_Ativa_RR,FLUX_PYRA[0.35],1,7.6,2578,1Low,2High,D,29.4
37,2014,BMX_Ativa_RR,FLUX_PYRA[0.35],2,7.4,2466,1Low,2High,D,29.4
37,2014,BMX_Ativa_RR,FLUX_PYRA[0.35],3,8.2,2860,1Low,2High,D,29.4
37,2014,BMX_Ativa_RR,FLUX_PYRA[0.35],4,6.4,2329,1Low,2High,D,29.4
37,2014,BMX_Ativa_RR,PROT_TRIF[0.4],1,12.2,2426,1Low,2High,D,29.4
37,2014,BMX_Ativa_RR,PROT_TRIF[0.4],2,12.8,2658,1Low,2High,D,29.4
37,2014,BMX_Ativa_RR,PROT_TRIF[0.4],3,13.4,2516,1Low,2High,D,29.4
37,2014,BMX_Ativa_RR,PROT_TRIF[0.4],4,13,2551,1Low,2High,D,29.4
37,2014,BMX_Ativa_RR,ZZ_CHECK,1,30.4,2206,1Low,2High,D,29.4
37,2014,BMX_Ativa_RR,ZZ_CHECK,2,30.2,2420,1Low,2High,D,29.4
37,2014,BMX_Ativa_RR,ZZ_CHECK,3,28.2,2140,1Low,2High,D,29.4
37,2014,BMX_Ativa_RR,ZZ_CHECK,4,28.6,2172,1Low,2High,D,29.4
38,2015,NA_5909_RG,AZ_BF[0.2],1,13.5,3145,2High,2High,I,17
38,2015,NA_5909_RG,AZ_BF[0.2],2,8,4002,2High,2High,I,17
38,2015,NA_5909_RG,AZ_BF[0.2],3,15,3423,2High,2High,I,17
38,2015,NA_5909_RG,AZ_BF[0.2],4,12.5,3420,2High,2High,I,17
38,2015,NA_5909_RG,AZ_CIPRO[0.3],1,25,2907,2High,2High,I,17
38,2015,NA_5909_RG,AZ_CIPRO[0.3],2,17.5,3684,2High,2High,I,17
38,2015,NA_5909_RG,AZ_CIPRO[0.3],3,20,3521,2High,2High,I,17
38,2015,NA_5909_RG,AZ_CIPRO[0.3],4,20,3186,2High,2High,I,17
38,2015,NA_5909_RG,BIXA_PROT_TRIF[0.5],1,5,3863,2High,2High,I,17
38,2015,NA_5909_RG,BIXA_PROT_TRIF[0.5],2,13.5,3635,2High,2High,I,17
38,2015,NA_5909_RG,BIXA_PROT_TRIF[0.5],3,7.5,3428,2High,2High,I,17
38,2015,NA_5909_RG,BIXA_PROT_TRIF[0.5],4,7.5,3256,2High,2High,I,17
38,2015,NA_5909_RG,CZM[1],1,13.5,3449,2High,2High,I,17
38,2015,NA_5909_RG,CZM[1],2,13.5,3324,2High,2High,I,17
38,2015,NA_5909_RG,CZM[1],3,13.5,3428,2High,2High,I,17
38,2015,NA_5909_RG,CZM[1],4,13.5,3531,2High,2High,I,17
38,2015,NA_5909_RG,EPO_FLUX_PYRA[0.8],1,5,3796,2High,2High,I,17
38,2015,NA_5909_RG,EPO_FLUX_PYRA[0.8],2,7.5,4019,2High,2High,I,17
38,2015,NA_5909_RG,EPO_FLUX_PYRA[0.8],3,7.5,3877,2High,2High,I,17
38,2015,NA_5909_RG,EPO_FLUX_PYRA[0.8],4,5,3819,2High,2High,I,17
38,2015,NA_5909_RG,FLUX_PYRA[0.35],1,7.5,3694,2High,2High,I,17
38,2015,NA_5909_RG,FLUX_PYRA[0.35],2,7.5,3742,2High,2High,I,17
38,2015,NA_5909_RG,FLUX_PYRA[0.35],3,11,3537,2High,2High,I,17
38,2015,NA_5909_RG,FLUX_PYRA[0.35],4,13.5,3164,2High,2High,I,17
38,2015,NA_5909_RG,MZB[1.5],1,10,3337,2High,2High,I,17
38,2015,NA_5909_RG,MZB[1.5],2,17.5,3233,2High,2High,I,17
38,2015,NA_5909_RG,MZB[1.5],3,10,3535,2High,2High,I,17
38,2015,NA_5909_RG,MZB[1.5],4,8,3355,2High,2High,I,17
38,2015,NA_5909_RG,MZB[2],1,17.5,3233,2High,2High,I,17
38,2015,NA_5909_RG,MZB[2],2,15,3592,2High,2High,I,17
38,2015,NA_5909_RG,MZB[2],3,7.5,3165,2High,2High,I,17
38,2015,NA_5909_RG,MZB[2],4,17.5,3327,2High,2High,I,17
38,2015,NA_5909_RG,PROT_TRIF[0.4],1,11,3764,2High,2High,I,17
38,2015,NA_5909_RG,PROT_TRIF[0.4],2,13.5,3539,2High,2High,I,17
38,2015,NA_5909_RG,PROT_TRIF[0.4],3,8.5,4061,2High,2High,I,17
38,2015,NA_5909_RG,PROT_TRIF[0.4],4,8,3652,2High,2High,I,17
38,2015,NA_5909_RG,ZZ_CHECK,1,19,2887,2High,2High,I,17
38,2015,NA_5909_RG,ZZ_CHECK,2,16.5,3402,2High,2High,I,17
38,2015,NA_5909_RG,ZZ_CHECK,3,12.5,3077,2High,2High,I,17
38,2015,NA_5909_RG,ZZ_CHECK,4,20,3510,2High,2High,I,17
39,2015,M9144_RR,AZ_BF[0.2],1,12,2785,1Low,2High,D,36.2
39,2015,M9144_RR,AZ_BF[0.2],2,12,3047,1Low,2High,D,36.2
39,2015,M9144_RR,AZ_BF[0.2],3,15,2898,1Low,2High,D,36.2
39,2015,M9144_RR,AZ_BF[0.2],4,15,2632,1Low,2High,D,36.2
39,2015,M9144_RR,AZ_CIPRO[0.3],1,30,2424,1Low,2High,D,36.2
39,2015,M9144_RR,AZ_CIPRO[0.3],2,35,2440,1Low,2High,D,36.2
39,2015,M9144_RR,AZ_CIPRO[0.3],3,35,2579,1Low,2High,D,36.2
39,2015,M9144_RR,AZ_CIPRO[0.3],4,35,2287,1Low,2High,D,36.2
39,2015,M9144_RR,BIXA_PROT_TRIF[0.5],1,8,2804,1Low,2High,D,36.2
39,2015,M9144_RR,BIXA_PROT_TRIF[0.5],2,6,2775,1Low,2High,D,36.2
39,2015,M9144_RR,BIXA_PROT_TRIF[0.5],3,8,2520,1Low,2High,D,36.2
39,2015,M9144_RR,BIXA_PROT_TRIF[0.5],4,6,3191,1Low,2High,D,36.2
39,2015,M9144_RR,CZM[1],1,30,2724,1Low,2High,D,36.2
39,2015,M9144_RR,CZM[1],2,35,2420,1Low,2High,D,36.2
39,2015,M9144_RR,CZM[1],3,35,2590,1Low,2High,D,36.2
39,2015,M9144_RR,CZM[1],4,35,2581,1Low,2High,D,36.2
39,2015,M9144_RR,EPO_FLUX_PYRA[0.8],1,9,2851,1Low,2High,D,36.2
39,2015,M9144_RR,EPO_FLUX_PYRA[0.8],2,9,2679,1Low,2High,D,36.2
39,2015,M9144_RR,EPO_FLUX_PYRA[0.8],3,10,2974,1Low,2High,D,36.2
39,2015,M9144_RR,EPO_FLUX_PYRA[0.8],4,9,2984,1Low,2High,D,36.2
39,2015,M9144_RR,FLUX_PYRA[0.35],1,6,2716,1Low,2High,D,36.2
39,2015,M9144_RR,FLUX_PYRA[0.35],2,6,2945,1Low,2High,D,36.2
39,2015,M9144_RR,FLUX_PYRA[0.35],3,6,2875,1Low,2High,D,36.2
39,2015,M9144_RR,FLUX_PYRA[0.35],4,6,2835,1Low,2High,D,36.2
39,2015,M9144_RR,MZB[1.5],1,19,2560,1Low,2High,D,36.2
39,2015,M9144_RR,MZB[1.5],2,15,2737,1Low,2High,D,36.2
39,2015,M9144_RR,MZB[1.5],3,18,2590,1Low,2High,D,36.2
39,2015,M9144_RR,MZB[1.5],4,19,2734,1Low,2High,D,36.2
39,2015,M9144_RR,MZB[2],1,12,2371,1Low,2High,D,36.2
39,2015,M9144_RR,MZB[2],2,15,2618,1Low,2High,D,36.2
39,2015,M9144_RR,MZB[2],3,15,2722,1Low,2High,D,36.2
39,2015,M9144_RR,MZB[2],4,15,2608,1Low,2High,D,36.2
39,2015,M9144_RR,PROT_TRIF[0.4],1,12,2915,1Low,2High,D,36.2
39,2015,M9144_RR,PROT_TRIF[0.4],2,10,2636,1Low,2High,D,36.2
39,2015,M9144_RR,PROT_TRIF[0.4],3,10,2765,1Low,2High,D,36.2
39,2015,M9144_RR,PROT_TRIF[0.4],4,10,2915,1Low,2High,D,36.2
39,2015,M9144_RR,ZZ_CHECK,1,35,2526,1Low,2High,D,36.2
39,2015,M9144_RR,ZZ_CHECK,2,40,2524,1Low,2High,D,36.2
39,2015,M9144_RR,ZZ_CHECK,3,35,2579,1Low,2High,D,36.2
39,2015,M9144_RR,ZZ_CHECK,4,35,2489,1Low,2High,D,36.2
41,2015,BMX_Potencia_RR,AZ_BF[0.2],1,8,4187,2High,1Low,I,17.8
41,2015,BMX_Potencia_RR,AZ_BF[0.2],2,6,4314,2High,1Low,I,17.8
41,2015,BMX_Potencia_RR,AZ_BF[0.2],3,9,4236,2High,1Low,I,17.8
41,2015,BMX_Potencia_RR,AZ_BF[0.2],4,4,4543,2High,1Low,I,17.8
41,2015,BMX_Potencia_RR,AZ_CIPRO[0.3],1,12,4362,2High,1Low,I,17.8
41,2015,BMX_Potencia_RR,AZ_CIPRO[0.3],2,7,4103,2High,1Low,I,17.8
41,2015,BMX_Potencia_RR,AZ_CIPRO[0.3],3,11,4234,2High,1Low,I,17.8
41,2015,BMX_Potencia_RR,AZ_CIPRO[0.3],4,13,4324,2High,1Low,I,17.8
41,2015,BMX_Potencia_RR,BIXA_PROT_TRIF[0.5],1,7,4565,2High,1Low,I,17.8
41,2015,BMX_Potencia_RR,BIXA_PROT_TRIF[0.5],2,2,4285,2High,1Low,I,17.8
41,2015,BMX_Potencia_RR,BIXA_PROT_TRIF[0.5],3,3,4392,2High,1Low,I,17.8
41,2015,BMX_Potencia_RR,BIXA_PROT_TRIF[0.5],4,1,4429,2High,1Low,I,17.8
41,2015,BMX_Potencia_RR,CZM[1],1,13,4219,2High,1Low,I,17.8
41,2015,BMX_Potencia_RR,CZM[1],2,10,4174,2High,1Low,I,17.8
41,2015,BMX_Potencia_RR,CZM[1],3,8,4362,2High,1Low,I,17.8
41,2015,BMX_Potencia_RR,CZM[1],4,10,4407,2High,1Low,I,17.8
41,2015,BMX_Potencia_RR,EPO_FLUX_PYRA[0.8],1,3,4377,2High,1Low,I,17.8
41,2015,BMX_Potencia_RR,EPO_FLUX_PYRA[0.8],2,1,4579,2High,1Low,I,17.8
41,2015,BMX_Potencia_RR,EPO_FLUX_PYRA[0.8],3,2,4315,2High,1Low,I,17.8
41,2015,BMX_Potencia_RR,EPO_FLUX_PYRA[0.8],4,2,4239,2High,1Low,I,17.8
41,2015,BMX_Potencia_RR,FLUX_PYRA[0.35],1,0,4662,2High,1Low,I,17.8
41,2015,BMX_Potencia_RR,FLUX_PYRA[0.35],2,3,3904,2High,1Low,I,17.8
41,2015,BMX_Potencia_RR,FLUX_PYRA[0.35],3,4,4212,2High,1Low,I,17.8
41,2015,BMX_Potencia_RR,FLUX_PYRA[0.35],4,1,4392,2High,1Low,I,17.8
41,2015,BMX_Potencia_RR,MZB[1.5],1,6,4063,2High,1Low,I,17.8
41,2015,BMX_Potencia_RR,MZB[1.5],2,2,4284,2High,1Low,I,17.8
41,2015,BMX_Potencia_RR,MZB[1.5],3,0,4412,2High,1Low,I,17.8
41,2015,BMX_Potencia_RR,MZB[1.5],4,0,4245,2High,1Low,I,17.8
41,2015,BMX_Potencia_RR,MZB[2],1,3,4790,2High,1Low,I,17.8
41,2015,BMX_Potencia_RR,MZB[2],2,0,4013,2High,1Low,I,17.8
41,2015,BMX_Potencia_RR,MZB[2],3,0,4027,2High,1Low,I,17.8
41,2015,BMX_Potencia_RR,MZB[2],4,1,4080,2High,1Low,I,17.8
41,2015,BMX_Potencia_RR,PROT_TRIF[0.4],1,2,4544,2High,1Low,I,17.8
41,2015,BMX_Potencia_RR,PROT_TRIF[0.4],2,5,4230,2High,1Low,I,17.8
41,2015,BMX_Potencia_RR,PROT_TRIF[0.4],3,1,4023,2High,1Low,I,17.8
41,2015,BMX_Potencia_RR,PROT_TRIF[0.4],4,4,4247,2High,1Low,I,17.8
41,2015,BMX_Potencia_RR,ZZ_CHECK,1,18,4251,2High,1Low,I,17.8
41,2015,BMX_Potencia_RR,ZZ_CHECK,2,21,4273,2High,1Low,I,17.8
41,2015,BMX_Potencia_RR,ZZ_CHECK,3,15,4201,2High,1Low,I,17.8
41,2015,BMX_Potencia_RR,ZZ_CHECK,4,17,4188,2High,1Low,I,17.8
42,2015,BMX_Potencia_RR,AZ_BF[0.2],1,9,3454,2High,1Low,I,31
42,2015,BMX_Potencia_RR,AZ_BF[0.2],2,6,3559,2High,1Low,I,31
42,2015,BMX_Potencia_RR,AZ_BF[0.2],3,11,3495,2High,1Low,I,31
42,2015,BMX_Potencia_RR,AZ_BF[0.2],4,8,3748,2High,1Low,I,31
42,2015,BMX_Potencia_RR,AZ_CIPRO[0.3],1,16,3599,2High,1Low,I,31
42,2015,BMX_Potencia_RR,AZ_CIPRO[0.3],2,14,3385,2High,1Low,I,31
42,2015,BMX_Potencia_RR,AZ_CIPRO[0.3],3,18,3493,2High,1Low,I,31
42,2015,BMX_Potencia_RR,AZ_CIPRO[0.3],4,13,3567,2High,1Low,I,31
42,2015,BMX_Potencia_RR,BIXA_PROT_TRIF[0.5],1,3,3766,2High,1Low,I,31
42,2015,BMX_Potencia_RR,BIXA_PROT_TRIF[0.5],2,5,3535,2High,1Low,I,31
42,2015,BMX_Potencia_RR,BIXA_PROT_TRIF[0.5],3,2,3623,2High,1Low,I,31
42,2015,BMX_Potencia_RR,BIXA_PROT_TRIF[0.5],4,2,3654,2High,1Low,I,31
42,2015,BMX_Potencia_RR,CZM[1],1,14,3481,2High,1Low,I,31
42,2015,BMX_Potencia_RR,CZM[1],2,9,3444,2High,1Low,I,31
42,2015,BMX_Potencia_RR,CZM[1],3,8,3599,2High,1Low,I,31
42,2015,BMX_Potencia_RR,CZM[1],4,11,3636,2High,1Low,I,31
42,2015,BMX_Potencia_RR,EPO_FLUX_PYRA[0.8],1,2,3611,2High,1Low,I,31
42,2015,BMX_Potencia_RR,EPO_FLUX_PYRA[0.8],2,3,3778,2High,1Low,I,31
42,2015,BMX_Potencia_RR,EPO_FLUX_PYRA[0.8],3,3,3560,2High,1Low,I,31
42,2015,BMX_Potencia_RR,EPO_FLUX_PYRA[0.8],4,2,3497,2High,1Low,I,31
42,2015,BMX_Potencia_RR,FLUX_PYRA[0.35],1,2,3846,2High,1Low,I,31
42,2015,BMX_Potencia_RR,FLUX_PYRA[0.35],2,3,3221,2High,1Low,I,31
42,2015,BMX_Potencia_RR,FLUX_PYRA[0.35],3,4,3475,2High,1Low,I,31
42,2015,BMX_Potencia_RR,FLUX_PYRA[0.35],4,2,3623,2High,1Low,I,31
42,2015,BMX_Potencia_RR,MZB[1.5],1,4,3352,2High,1Low,I,31
42,2015,BMX_Potencia_RR,MZB[1.5],2,7,3534,2High,1Low,I,31
42,2015,BMX_Potencia_RR,MZB[1.5],3,6,3640,2High,1Low,I,31
42,2015,BMX_Potencia_RR,MZB[1.5],4,8,3502,2High,1Low,I,31
42,2015,BMX_Potencia_RR,MZB[2],1,2,3952,2High,1Low,I,31
42,2015,BMX_Potencia_RR,MZB[2],2,3,3311,2High,1Low,I,31
42,2015,BMX_Potencia_RR,MZB[2],3,9,3322,2High,1Low,I,31
42,2015,BMX_Potencia_RR,MZB[2],4,4,3366,2High,1Low,I,31
42,2015,BMX_Potencia_RR,PROT_TRIF[0.4],1,2,3749,2High,1Low,I,31
42,2015,BMX_Potencia_RR,PROT_TRIF[0.4],2,1,3490,2High,1Low,I,31
42,2015,BMX_Potencia_RR,PROT_TRIF[0.4],3,3,3319,2High,1Low,I,31
42,2015,BMX_Potencia_RR,PROT_TRIF[0.4],4,2,3504,2High,1Low,I,31
42,2015,BMX_Potencia_RR,ZZ_CHECK,1,33,3507,2High,1Low,I,31
42,2015,BMX_Potencia_RR,ZZ_CHECK,2,37,3525,2High,1Low,I,31
42,2015,BMX_Potencia_RR,ZZ_CHECK,3,25,3466,2High,1Low,I,31
42,2015,BMX_Potencia_RR,ZZ_CHECK,4,29,3455,2High,1Low,I,31
43,2015,AS3730_IPRO,AZ_BF[0.2],1,9.5,3560,2High,1Low,I,14
43,2015,AS3730_IPRO,AZ_BF[0.2],2,8.5,3971,2High,1Low,I,14
43,2015,AS3730_IPRO,AZ_BF[0.2],3,9,3700,2High,1Low,I,14
43,2015,AS3730_IPRO,AZ_BF[0.2],4,10,3789,2High,1Low,I,14
43,2015,AS3730_IPRO,AZ_CIPRO[0.3],1,12,3798,2High,1Low,I,14
43,2015,AS3730_IPRO,AZ_CIPRO[0.3],2,14,3503,2High,1Low,I,14
43,2015,AS3730_IPRO,AZ_CIPRO[0.3],3,11.5,3621,2High,1Low,I,14
43,2015,AS3730_IPRO,AZ_CIPRO[0.3],4,13.5,3776,2High,1Low,I,14
43,2015,AS3730_IPRO,BIXA_PROT_TRIF[0.5],1,6,3958,2High,1Low,I,14
43,2015,AS3730_IPRO,BIXA_PROT_TRIF[0.5],2,5.5,4072,2High,1Low,I,14
43,2015,AS3730_IPRO,BIXA_PROT_TRIF[0.5],3,7,3812,2High,1Low,I,14
43,2015,AS3730_IPRO,BIXA_PROT_TRIF[0.5],4,6,3851,2High,1Low,I,14
43,2015,AS3730_IPRO,CZM[1],1,10,3537,2High,1Low,I,14
43,2015,AS3730_IPRO,CZM[1],2,12,3882,2High,1Low,I,14
43,2015,AS3730_IPRO,CZM[1],3,13,3741,2High,1Low,I,14
43,2015,AS3730_IPRO,CZM[1],4,13,3257,2High,1Low,I,14
43,2015,AS3730_IPRO,EPO_FLUX_PYRA[0.8],1,6.5,3986,2High,1Low,I,14
43,2015,AS3730_IPRO,EPO_FLUX_PYRA[0.8],2,6,3845,2High,1Low,I,14
43,2015,AS3730_IPRO,EPO_FLUX_PYRA[0.8],3,6.5,3863,2High,1Low,I,14
43,2015,AS3730_IPRO,EPO_FLUX_PYRA[0.8],4,6.5,3740,2High,1Low,I,14
43,2015,AS3730_IPRO,FLUX_PYRA[0.35],1,6,3600,2High,1Low,I,14
43,2015,AS3730_IPRO,FLUX_PYRA[0.35],2,6,3859,2High,1Low,I,14
43,2015,AS3730_IPRO,FLUX_PYRA[0.35],3,6,4021,2High,1Low,I,14
43,2015,AS3730_IPRO,FLUX_PYRA[0.35],4,6,3897,2High,1Low,I,14
43,2015,AS3730_IPRO,MZB[1.5],1,6,3860,2High,1Low,I,14
43,2015,AS3730_IPRO,MZB[1.5],2,5.5,3709,2High,1Low,I,14
43,2015,AS3730_IPRO,MZB[1.5],3,5.5,3779,2High,1Low,I,14
43,2015,AS3730_IPRO,MZB[1.5],4,6.5,3877,2High,1Low,I,14
43,2015,AS3730_IPRO,MZB[2],1,6,3784,2High,1Low,I,14
43,2015,AS3730_IPRO,MZB[2],2,5,3672,2High,1Low,I,14
43,2015,AS3730_IPRO,MZB[2],3,6.5,3769,2High,1Low,I,14
43,2015,AS3730_IPRO,MZB[2],4,6,4228,2High,1Low,I,14
43,2015,AS3730_IPRO,PROT_TRIF[0.4],1,6,3773,2High,1Low,I,14
43,2015,AS3730_IPRO,PROT_TRIF[0.4],2,6,3851,2High,1Low,I,14
43,2015,AS3730_IPRO,PROT_TRIF[0.4],3,5.5,3928,2High,1Low,I,14
43,2015,AS3730_IPRO,PROT_TRIF[0.4],4,6,3791,2High,1Low,I,14
43,2015,AS3730_IPRO,ZZ_CHECK,1,13,3605,2High,1Low,I,14
43,2015,AS3730_IPRO,ZZ_CHECK,2,15,3645,2High,1Low,I,14
43,2015,AS3730_IPRO,ZZ_CHECK,3,12,3495,2High,1Low,I,14
43,2015,AS3730_IPRO,ZZ_CHECK,4,16,3563,2High,1Low,I,14
46,2015,TMG803,AZ_BF[0.2],1,15,4064,2High,1Low,D,25.1
46,2015,TMG803,AZ_BF[0.2],2,15.3,4257,2High,1Low,D,25.1
46,2015,TMG803,AZ_BF[0.2],3,14.5,4459,2High,1Low,D,25.1
46,2015,TMG803,AZ_BF[0.2],4,15.5,3344,2High,1Low,D,25.1
46,2015,TMG803,AZ_CIPRO[0.3],1,23,3896,2High,1Low,D,25.1
46,2015,TMG803,AZ_CIPRO[0.3],2,22,3792,2High,1Low,D,25.1
46,2015,TMG803,AZ_CIPRO[0.3],3,23.5,3613,2High,1Low,D,25.1
46,2015,TMG803,AZ_CIPRO[0.3],4,23,4541,2High,1Low,D,25.1
46,2015,TMG803,BIXA_PROT_TRIF[0.5],1,4,4787,2High,1Low,D,25.1
46,2015,TMG803,BIXA_PROT_TRIF[0.5],2,4,4242,2High,1Low,D,25.1
46,2015,TMG803,BIXA_PROT_TRIF[0.5],3,3.5,4276,2High,1Low,D,25.1
46,2015,TMG803,BIXA_PROT_TRIF[0.5],4,3.8,4840,2High,1Low,D,25.1
46,2015,TMG803,CZM[1],1,23,3976,2High,1Low,D,25.1
46,2015,TMG803,CZM[1],2,24,4072,2High,1Low,D,25.1
46,2015,TMG803,CZM[1],3,24,3973,2High,1Low,D,25.1
46,2015,TMG803,CZM[1],4,23,3871,2High,1Low,D,25.1
46,2015,TMG803,EPO_FLUX_PYRA[0.8],1,4,4154,2High,1Low,D,25.1
46,2015,TMG803,EPO_FLUX_PYRA[0.8],2,3.8,4147,2High,1Low,D,25.1
46,2015,TMG803,EPO_FLUX_PYRA[0.8],3,3,3749,2High,1Low,D,25.1
46,2015,TMG803,EPO_FLUX_PYRA[0.8],4,3.5,4328,2High,1Low,D,25.1
46,2015,TMG803,FLUX_PYRA[0.35],1,3,5284,2High,1Low,D,25.1
46,2015,TMG803,FLUX_PYRA[0.35],2,3,4202,2High,1Low,D,25.1
46,2015,TMG803,FLUX_PYRA[0.35],3,3.1,4253,2High,1Low,D,25.1
46,2015,TMG803,FLUX_PYRA[0.35],4,2.8,4443,2High,1Low,D,25.1
46,2015,TMG803,MZB[1.5],1,16,3739,2High,1Low,D,25.1
46,2015,TMG803,MZB[1.5],2,14.5,3898,2High,1Low,D,25.1
46,2015,TMG803,MZB[1.5],3,15.5,3592,2High,1Low,D,25.1
46,2015,TMG803,MZB[1.5],4,16,4102,2High,1Low,D,25.1
46,2015,TMG803,MZB[2],1,16,4048,2High,1Low,D,25.1
46,2015,TMG803,MZB[2],2,16.5,3568,2High,1Low,D,25.1
46,2015,TMG803,MZB[2],3,16,3680,2High,1Low,D,25.1
46,2015,TMG803,MZB[2],4,16.2,4502,2High,1Low,D,25.1
46,2015,TMG803,PROT_TRIF[0.4],1,6.5,3900,2High,1Low,D,25.1
46,2015,TMG803,PROT_TRIF[0.4],2,6.3,4509,2High,1Low,D,25.1
46,2015,TMG803,PROT_TRIF[0.4],3,6.5,4260,2High,1Low,D,25.1
46,2015,TMG803,PROT_TRIF[0.4],4,6,4305,2High,1Low,D,25.1
46,2015,TMG803,ZZ_CHECK,1,25,3738,2High,1Low,D,25.1
46,2015,TMG803,ZZ_CHECK,2,26,4108,2High,1Low,D,25.1
46,2015,TMG803,ZZ_CHECK,3,24,3457,2High,1Low,D,25.1
46,2015,TMG803,ZZ_CHECK,4,25.5,3663,2High,1Low,D,25.1
47,2015,M9144_RR,AZ_BF[0.2],1,19,4133,2High,2High,D,45
47,2015,M9144_RR,AZ_BF[0.2],2,25,3959,2High,2High,D,45
47,2015,M9144_RR,AZ_BF[0.2],3,35,4033,2High,2High,D,45
47,2015,M9144_RR,AZ_BF[0.2],4,25,4724,2High,2High,D,45
47,2015,M9144_RR,AZ_CIPRO[0.3],1,35,3022,2High,2High,D,45
47,2015,M9144_RR,AZ_CIPRO[0.3],2,35,3328,2High,2High,D,45
47,2015,M9144_RR,AZ_CIPRO[0.3],3,35,3174,2High,2High,D,45
47,2015,M9144_RR,AZ_CIPRO[0.3],4,35,3140,2High,2High,D,45
47,2015,M9144_RR,BIXA_PROT_TRIF[0.5],1,35,3543,2High,2High,D,45
47,2015,M9144_RR,BIXA_PROT_TRIF[0.5],2,19,4089,2High,2High,D,45
47,2015,M9144_RR,BIXA_PROT_TRIF[0.5],3,25,4358,2High,2High,D,45
47,2015,M9144_RR,BIXA_PROT_TRIF[0.5],4,30,4343,2High,2High,D,45
47,2015,M9144_RR,CZM[1],1,45,3293,2High,2High,D,45
47,2015,M9144_RR,CZM[1],2,45,3375,2High,2High,D,45
47,2015,M9144_RR,CZM[1],3,35,3028,2High,2High,D,45
47,2015,M9144_RR,CZM[1],4,45,3240,2High,2High,D,45
47,2015,M9144_RR,EPO_FLUX_PYRA[0.8],1,20,4066,2High,2High,D,45
47,2015,M9144_RR,EPO_FLUX_PYRA[0.8],2,35,3878,2High,2High,D,45
47,2015,M9144_RR,EPO_FLUX_PYRA[0.8],3,40,3897,2High,2High,D,45
47,2015,M9144_RR,EPO_FLUX_PYRA[0.8],4,35,3626,2High,2High,D,45
47,2015,M9144_RR,FLUX_PYRA[0.35],1,25,3933,2High,2High,D,45
47,2015,M9144_RR,FLUX_PYRA[0.35],2,30,3711,2High,2High,D,45
47,2015,M9144_RR,FLUX_PYRA[0.35],3,30,3694,2High,2High,D,45
47,2015,M9144_RR,FLUX_PYRA[0.35],4,30,3397,2High,2High,D,45
47,2015,M9144_RR,MZB[1.5],1,35,3062,2High,2High,D,45
47,2015,M9144_RR,MZB[1.5],2,45,3537,2High,2High,D,45
47,2015,M9144_RR,MZB[1.5],3,40,3464,2High,2High,D,45
47,2015,M9144_RR,MZB[1.5],4,30,3853,2High,2High,D,45
47,2015,M9144_RR,MZB[2],1,40,3597,2High,2High,D,45
47,2015,M9144_RR,MZB[2],2,35,3189,2High,2High,D,45
47,2015,M9144_RR,MZB[2],3,35,3588,2High,2High,D,45
47,2015,M9144_RR,MZB[2],4,35,3797,2High,2High,D,45
47,2015,M9144_RR,PROT_TRIF[0.4],1,12,4203,2High,2High,D,45
47,2015,M9144_RR,PROT_TRIF[0.4],2,25,4089,2High,2High,D,45
47,2015,M9144_RR,PROT_TRIF[0.4],3,45,3463,2High,2High,D,45
47,2015,M9144_RR,PROT_TRIF[0.4],4,40,4030,2High,2High,D,45
47,2015,M9144_RR,ZZ_CHECK,1,45,2769,2High,2High,D,45
47,2015,M9144_RR,ZZ_CHECK,2,45,3267,2High,2High,D,45
47,2015,M9144_RR,ZZ_CHECK,3,45,3190,2High,2High,D,45
47,2015,M9144_RR,ZZ_CHECK,4,45,2898,2High,2High,D,45
49,2015,TMG1180_RR,AZ_BF[0.2],1,13,3348,2High,1Low,I,22.5
49,2015,TMG1180_RR,AZ_BF[0.2],2,15,3717,2High,1Low,I,22.5
49,2015,TMG1180_RR,AZ_BF[0.2],3,9,3444,2High,1Low,I,22.5
49,2015,TMG1180_RR,AZ_BF[0.2],4,12,3528,2High,1Low,I,22.5
49,2015,TMG1180_RR,AZ_CIPRO[0.3],1,15,3636,2High,1Low,I,22.5
49,2015,TMG1180_RR,AZ_CIPRO[0.3],2,12,3782,2High,1Low,I,22.5
49,2015,TMG1180_RR,AZ_CIPRO[0.3],3,15,3098,2High,1Low,I,22.5
49,2015,TMG1180_RR,AZ_CIPRO[0.3],4,15,3483,2High,1Low,I,22.5
49,2015,TMG1180_RR,BIXA_PROT_TRIF[0.5],1,5,3330,2High,1Low,I,22.5
49,2015,TMG1180_RR,BIXA_PROT_TRIF[0.5],2,5,3163,2High,1Low,I,22.5
49,2015,TMG1180_RR,BIXA_PROT_TRIF[0.5],3,10,3040,2High,1Low,I,22.5
49,2015,TMG1180_RR,BIXA_PROT_TRIF[0.5],4,5,3105,2High,1Low,I,22.5
49,2015,TMG1180_RR,CZM[1],1,15,4265,2High,1Low,I,22.5
49,2015,TMG1180_RR,CZM[1],2,17,3914,2High,1Low,I,22.5
49,2015,TMG1180_RR,CZM[1],3,17,3996,2High,1Low,I,22.5
49,2015,TMG1180_RR,CZM[1],4,20,3738,2High,1Low,I,22.5
49,2015,TMG1180_RR,EPO_FLUX_PYRA[0.8],1,3,3621,2High,1Low,I,22.5
49,2015,TMG1180_RR,EPO_FLUX_PYRA[0.8],2,3,3538,2High,1Low,I,22.5
49,2015,TMG1180_RR,EPO_FLUX_PYRA[0.8],3,4,3851,2High,1Low,I,22.5
49,2015,TMG1180_RR,EPO_FLUX_PYRA[0.8],4,6,3256,2High,1Low,I,22.5
49,2015,TMG1180_RR,FLUX_PYRA[0.35],1,5,3760,2High,1Low,I,22.5
49,2015,TMG1180_RR,FLUX_PYRA[0.35],2,5,3380,2High,1Low,I,22.5
49,2015,TMG1180_RR,FLUX_PYRA[0.35],3,6,3895,2High,1Low,I,22.5
49,2015,TMG1180_RR,FLUX_PYRA[0.35],4,5,3e3,2High,1Low,I,22.5
49,2015,TMG1180_RR,MZB[1.5],1,17,3371,2High,1Low,I,22.5
49,2015,TMG1180_RR,MZB[1.5],2,15,3428,2High,1Low,I,22.5
49,2015,TMG1180_RR,MZB[1.5],3,13,3432,2High,1Low,I,22.5
49,2015,TMG1180_RR,MZB[1.5],4,7,3355,2High,1Low,I,22.5
49,2015,TMG1180_RR,MZB[2],1,12,3371,2High,1Low,I,22.5
49,2015,TMG1180_RR,MZB[2],2,17,3269,2High,1Low,I,22.5
49,2015,TMG1180_RR,MZB[2],3,12,3234,2High,1Low,I,22.5
49,2015,TMG1180_RR,MZB[2],4,15,3234,2High,1Low,I,22.5
49,2015,TMG1180_RR,PROT_TRIF[0.4],1,7,3374,2High,1Low,I,22.5
49,2015,TMG1180_RR,PROT_TRIF[0.4],2,7,3448,2High,1Low,I,22.5
49,2015,TMG1180_RR,PROT_TRIF[0.4],3,7,3487,2High,1Low,I,22.5
49,2015,TMG1180_RR,PROT_TRIF[0.4],4,10,3424,2High,1Low,I,22.5
49,2015,TMG1180_RR,ZZ_CHECK,1,23,3693,2High,1Low,I,22.5
49,2015,TMG1180_RR,ZZ_CHECK,2,25,3040,2High,1Low,I,22.5
49,2015,TMG1180_RR,ZZ_CHECK,3,20,3752,2High,1Low,I,22.5
49,2015,TMG1180_RR,ZZ_CHECK,4,22,3468,2High,1Low,I,22.5
50,2015,TMG1180_RR,AZ_BF[0.2],1,40,3217,1Low,1Low,I,46.2
50,2015,TMG1180_RR,AZ_BF[0.2],2,25,2645,1Low,1Low,I,46.2
50,2015,TMG1180_RR,AZ_BF[0.2],3,35,3133,1Low,1Low,I,46.2
50,2015,TMG1180_RR,AZ_BF[0.2],4,35,3068,1Low,1Low,I,46.2
50,2015,TMG1180_RR,AZ_CIPRO[0.3],1,40,3304,1Low,1Low,I,46.2
50,2015,TMG1180_RR,AZ_CIPRO[0.3],2,45,2727,1Low,1Low,I,46.2
50,2015,TMG1180_RR,AZ_CIPRO[0.3],3,45,3176,1Low,1Low,I,46.2
50,2015,TMG1180_RR,AZ_CIPRO[0.3],4,30,3098,1Low,1Low,I,46.2
50,2015,TMG1180_RR,BIXA_PROT_TRIF[0.5],1,15,3118,1Low,1Low,I,46.2
50,2015,TMG1180_RR,BIXA_PROT_TRIF[0.5],2,10,3512,1Low,1Low,I,46.2
50,2015,TMG1180_RR,BIXA_PROT_TRIF[0.5],3,15,3129,1Low,1Low,I,46.2
50,2015,TMG1180_RR,BIXA_PROT_TRIF[0.5],4,15,3155,1Low,1Low,I,46.2
50,2015,TMG1180_RR,CZM[1],1,20,3311,1Low,1Low,I,46.2
50,2015,TMG1180_RR,CZM[1],2,15,3353,1Low,1Low,I,46.2
50,2015,TMG1180_RR,CZM[1],3,30,2978,1Low,1Low,I,46.2
50,2015,TMG1180_RR,CZM[1],4,15,3068,1Low,1Low,I,46.2
50,2015,TMG1180_RR,EPO_FLUX_PYRA[0.8],1,20,2766,1Low,1Low,I,46.2
50,2015,TMG1180_RR,EPO_FLUX_PYRA[0.8],2,20,2875,1Low,1Low,I,46.2
50,2015,TMG1180_RR,EPO_FLUX_PYRA[0.8],3,15,2813,1Low,1Low,I,46.2
50,2015,TMG1180_RR,EPO_FLUX_PYRA[0.8],4,25,3014,1Low,1Low,I,46.2
50,2015,TMG1180_RR,FLUX_PYRA[0.35],1,15,3078,1Low,1Low,I,46.2
50,2015,TMG1180_RR,FLUX_PYRA[0.35],2,10,2834,1Low,1Low,I,46.2
50,2015,TMG1180_RR,FLUX_PYRA[0.35],3,15,3215,1Low,1Low,I,46.2
50,2015,TMG1180_RR,FLUX_PYRA[0.35],4,20,3036,1Low,1Low,I,46.2
50,2015,TMG1180_RR,MZB[1.5],1,35,3278,1Low,1Low,I,46.2
50,2015,TMG1180_RR,MZB[1.5],2,30,3014,1Low,1Low,I,46.2
50,2015,TMG1180_RR,MZB[1.5],3,40,3265,1Low,1Low,I,46.2
50,2015,TMG1180_RR,MZB[1.5],4,30,3185,1Low,1Low,I,46.2
50,2015,TMG1180_RR,MZB[2],1,35,3366,1Low,1Low,I,46.2
50,2015,TMG1180_RR,MZB[2],2,25,2961,1Low,1Low,I,46.2
50,2015,TMG1180_RR,MZB[2],3,30,3239,1Low,1Low,I,46.2
50,2015,TMG1180_RR,MZB[2],4,30,2921,1Low,1Low,I,46.2
50,2015,TMG1180_RR,PROT_TRIF[0.4],1,25,3503,1Low,1Low,I,46.2
50,2015,TMG1180_RR,PROT_TRIF[0.4],2,20,3208,1Low,1Low,I,46.2
50,2015,TMG1180_RR,PROT_TRIF[0.4],3,25,3100,1Low,1Low,I,46.2
50,2015,TMG1180_RR,PROT_TRIF[0.4],4,20,3262,1Low,1Low,I,46.2
50,2015,TMG1180_RR,ZZ_CHECK,1,45,3090,1Low,1Low,I,46.2
50,2015,TMG1180_RR,ZZ_CHECK,2,45,3057,1Low,1Low,I,46.2
50,2015,TMG1180_RR,ZZ_CHECK,3,50,2935,1Low,1Low,I,46.2
50,2015,TMG1180_RR,ZZ_CHECK,4,45,2791,1Low,1Low,I,46.2
52,2015,M9144_RR,AZ_BF[0.2],1,27.9,2300,1Low,2High,D,52
52,2015,M9144_RR,AZ_BF[0.2],2,29.6,2208,1Low,2High,D,52
52,2015,M9144_RR,AZ_BF[0.2],3,27.9,2108,1Low,2High,D,52
52,2015,M9144_RR,AZ_BF[0.2],4,28.6,2333,1Low,2High,D,52
52,2015,M9144_RR,AZ_CIPRO[0.3],1,35.2,2125,1Low,2High,D,52
52,2015,M9144_RR,AZ_CIPRO[0.3],2,34.7,1900,1Low,2High,D,52
52,2015,M9144_RR,AZ_CIPRO[0.3],3,35.2,2133,1Low,2High,D,52
52,2015,M9144_RR,AZ_CIPRO[0.3],4,36.6,1875,1Low,2High,D,52
52,2015,M9144_RR,BIXA_PROT_TRIF[0.5],1,20.6,2292,1Low,2High,D,52
52,2015,M9144_RR,BIXA_PROT_TRIF[0.5],2,20.4,2267,1Low,2High,D,52
52,2015,M9144_RR,BIXA_PROT_TRIF[0.5],3,19.6,2242,1Low,2High,D,52
52,2015,M9144_RR,BIXA_PROT_TRIF[0.5],4,20.2,2283,1Low,2High,D,52
52,2015,M9144_RR,CZM[1],1,37.1,2167,1Low,2High,D,52
52,2015,M9144_RR,CZM[1],2,35.9,2075,1Low,2High,D,52
52,2015,M9144_RR,CZM[1],3,38.1,2108,1Low,2High,D,52
52,2015,M9144_RR,CZM[1],4,36.2,2167,1Low,2High,D,52
52,2015,M9144_RR,EPO_FLUX_PYRA[0.8],1,20.8,2400,1Low,2High,D,52
52,2015,M9144_RR,EPO_FLUX_PYRA[0.8],2,20.8,2367,1Low,2High,D,52
52,2015,M9144_RR,EPO_FLUX_PYRA[0.8],3,20.6,2583,1Low,2High,D,52
52,2015,M9144_RR,EPO_FLUX_PYRA[0.8],4,20.6,2408,1Low,2High,D,52
52,2015,M9144_RR,FLUX_PYRA[0.35],1,20.6,2250,1Low,2High,D,52
52,2015,M9144_RR,FLUX_PYRA[0.35],2,20.4,2208,1Low,2High,D,52
52,2015,M9144_RR,FLUX_PYRA[0.35],3,20.5,2392,1Low,2High,D,52
52,2015,M9144_RR,FLUX_PYRA[0.35],4,20,2392,1Low,2High,D,52
52,2015,M9144_RR,MZB[1.5],1,29.1,2350,1Low,2High,D,52
52,2015,M9144_RR,MZB[1.5],2,29.3,2175,1Low,2High,D,52
52,2015,M9144_RR,MZB[1.5],3,29.3,2333,1Low,2High,D,52
52,2015,M9144_RR,MZB[1.5],4,28.4,2092,1Low,2High,D,52
52,2015,M9144_RR,MZB[2],1,31,2358,1Low,2High,D,52
52,2015,M9144_RR,MZB[2],2,31.2,2458,1Low,2High,D,52
52,2015,M9144_RR,MZB[2],3,30.3,2367,1Low,2High,D,52
52,2015,M9144_RR,MZB[2],4,30.3,2350,1Low,2High,D,52
52,2015,M9144_RR,PROT_TRIF[0.4],1,23,2533,1Low,2High,D,52
52,2015,M9144_RR,PROT_TRIF[0.4],2,22.5,2367,1Low,2High,D,52
52,2015,M9144_RR,PROT_TRIF[0.4],3,22.5,2333,1Low,2High,D,52
52,2015,M9144_RR,PROT_TRIF[0.4],4,20.6,2467,1Low,2High,D,52
52,2015,M9144_RR,ZZ_CHECK,1,52,1533,1Low,2High,D,52
52,2015,M9144_RR,ZZ_CHECK,2,52,1517,1Low,2High,D,52
52,2015,M9144_RR,ZZ_CHECK,3,52,1825,1Low,2High,D,52
52,2015,M9144_RR,ZZ_CHECK,4,52,1475,1Low,2High,D,52
53,2016,M8210_IPRO,AZ_BF[0.2],1,5,3511,2High,2High,D,22.5
53,2016,M8210_IPRO,AZ_BF[0.2],2,6,3447,2High,2High,D,22.5
53,2016,M8210_IPRO,AZ_BF[0.2],3,5,3105,2High,2High,D,22.5
53,2016,M8210_IPRO,AZ_BF[0.2],4,6,3498,2High,2High,D,22.5
53,2016,M8210_IPRO,BIXA_PROT_TRIF[0.5],1,4,3677,2High,2High,D,22.5
53,2016,M8210_IPRO,BIXA_PROT_TRIF[0.5],2,3,3517,2High,2High,D,22.5
53,2016,M8210_IPRO,BIXA_PROT_TRIF[0.5],3,3,3747,2High,2High,D,22.5
53,2016,M8210_IPRO,BIXA_PROT_TRIF[0.5],4,4,3514,2High,2High,D,22.5
53,2016,M8210_IPRO,CUP[1],1,12,3540,2High,2High,D,22.5
53,2016,M8210_IPRO,CUP[1],2,10,3115,2High,2High,D,22.5
53,2016,M8210_IPRO,CUP[1],3,12,3143,2High,2High,D,22.5
53,2016,M8210_IPRO,CUP[1],4,10,3040,2High,2High,D,22.5
53,2016,M8210_IPRO,EPO_FLUX_PYRA[0.8],1,4,3491,2High,2High,D,22.5
53,2016,M8210_IPRO,EPO_FLUX_PYRA[0.8],2,3,3442,2High,2High,D,22.5
53,2016,M8210_IPRO,EPO_FLUX_PYRA[0.8],3,4,3332,2High,2High,D,22.5
53,2016,M8210_IPRO,EPO_FLUX_PYRA[0.8],4,3,3882,2High,2High,D,22.5
53,2016,M8210_IPRO,FLUX_PYRA[0.35],1,3,3832,2High,2High,D,22.5
53,2016,M8210_IPRO,FLUX_PYRA[0.35],2,3,3142,2High,2High,D,22.5
53,2016,M8210_IPRO,FLUX_PYRA[0.35],3,3,3704,2High,2High,D,22.5
53,2016,M8210_IPRO,FLUX_PYRA[0.35],4,3,3614,2High,2High,D,22.5
53,2016,M8210_IPRO,MZB[2],1,8,3549,2High,2High,D,22.5
53,2016,M8210_IPRO,MZB[2],2,10,3604,2High,2High,D,22.5
53,2016,M8210_IPRO,MZB[2],3,8,3313,2High,2High,D,22.5
53,2016,M8210_IPRO,MZB[2],4,10,3739,2High,2High,D,22.5
53,2016,M8210_IPRO,MZB[3],1,10,3955,2High,2High,D,22.5
53,2016,M8210_IPRO,MZB[3],2,12,3382,2High,2High,D,22.5
53,2016,M8210_IPRO,MZB[3],3,10,3104,2High,2High,D,22.5
53,2016,M8210_IPRO,MZB[3],4,10,3483,2High,2High,D,22.5
53,2016,M8210_IPRO,PROT_TRIF[0.4],1,4,3600,2High,2High,D,22.5
53,2016,M8210_IPRO,PROT_TRIF[0.4],2,6,3058,2High,2High,D,22.5
53,2016,M8210_IPRO,PROT_TRIF[0.4],3,5,3481,2High,2High,D,22.5
53,2016,M8210_IPRO,PROT_TRIF[0.4],4,4,3524,2High,2High,D,22.5
53,2016,M8210_IPRO,ZZ_CHECK,1,20,3296,2High,2High,D,22.5
53,2016,M8210_IPRO,ZZ_CHECK,2,25,3287,2High,2High,D,22.5
53,2016,M8210_IPRO,ZZ_CHECK,3,20,3055,2High,2High,D,22.5
53,2016,M8210_IPRO,ZZ_CHECK,4,25,3041,2High,2High,D,22.5
57,2016,M9144_RR,AZ_BF[0.2],1,44.8,2403,1Low,2High,D,49.9
57,2016,M9144_RR,AZ_BF[0.2],2,44.8,2415,1Low,2High,D,49.9
57,2016,M9144_RR,AZ_BF[0.2],3,46.9,2087,1Low,2High,D,49.9
57,2016,M9144_RR,AZ_BF[0.2],4,47.25,2103,1Low,2High,D,49.9
57,2016,M9144_RR,BIXA_PROT_TRIF[0.5],1,25.9,2480,1Low,2High,D,49.9
57,2016,M9144_RR,BIXA_PROT_TRIF[0.5],2,22.4,2749,1Low,2High,D,49.9
57,2016,M9144_RR,BIXA_PROT_TRIF[0.5],3,21.7,2344,1Low,2High,D,49.9
57,2016,M9144_RR,BIXA_PROT_TRIF[0.5],4,23.45,2447,1Low,2High,D,49.9
57,2016,M9144_RR,CUP[1],1,32.199999999999996,2524,1Low,2High,D,49.9
57,2016,M9144_RR,CUP[1],2,31.15,2432,1Low,2High,D,49.9
57,2016,M9144_RR,CUP[1],3,36.75,2571,1Low,2High,D,49.9
57,2016,M9144_RR,CUP[1],4,37.099999999999994,2354,1Low,2High,D,49.9
57,2016,M9144_RR,EPO_FLUX_PYRA[0.8],1,26.599999999999998,2762,1Low,2High,D,49.9
57,2016,M9144_RR,EPO_FLUX_PYRA[0.8],2,21.7,2503,1Low,2High,D,49.9
57,2016,M9144_RR,EPO_FLUX_PYRA[0.8],3,21,2049,1Low,2High,D,49.9
57,2016,M9144_RR,EPO_FLUX_PYRA[0.8],4,22.4,2954,1Low,2High,D,49.9
57,2016,M9144_RR,FLUX_PYRA[0.35],1,29.4,2534,1Low,2High,D,49.9
57,2016,M9144_RR,FLUX_PYRA[0.35],2,23.099999999999998,2681,1Low,2High,D,49.9
57,2016,M9144_RR,FLUX_PYRA[0.35],3,23.799999999999997,2470,1Low,2High,D,49.9
57,2016,M9144_RR,FLUX_PYRA[0.35],4,25.2,2658,1Low,2High,D,49.9
57,2016,M9144_RR,MZB[2],1,23.099999999999998,2462,1Low,2High,D,49.9
57,2016,M9144_RR,MZB[2],2,19.599999999999998,2859,1Low,2High,D,49.9
57,2016,M9144_RR,MZB[2],3,25.2,2358,1Low,2High,D,49.9
57,2016,M9144_RR,MZB[2],4,21.7,2402,1Low,2High,D,49.9
57,2016,M9144_RR,MZB[3],1,23.799999999999997,2599,1Low,2High,D,49.9
57,2016,M9144_RR,MZB[3],2,21.7,2392,1Low,2High,D,49.9
57,2016,M9144_RR,MZB[3],3,23.799999999999997,2659,1Low,2High,D,49.9
57,2016,M9144_RR,MZB[3],4,23.799999999999997,2512,1Low,2High,D,49.9
57,2016,M9144_RR,PROT_TRIF[0.4],1,35.349999999999994,2499,1Low,2High,D,49.9
57,2016,M9144_RR,PROT_TRIF[0.4],2,28,2610,1Low,2High,D,49.9
57,2016,M9144_RR,PROT_TRIF[0.4],3,43.4,2677,1Low,2High,D,49.9
57,2016,M9144_RR,PROT_TRIF[0.4],4,28.349999999999998,2127,1Low,2High,D,49.9
57,2016,M9144_RR,ZZ_CHECK,1,56,1965,1Low,2High,D,49.9
57,2016,M9144_RR,ZZ_CHECK,2,48.3,1999,1Low,2High,D,49.9
57,2016,M9144_RR,ZZ_CHECK,3,49,2084,1Low,2High,D,49.9
57,2016,M9144_RR,ZZ_CHECK,4,46.199999999999996,2290,1Low,2High,D,49.9
58,2016,TMG2281_IPRO,AZ_BF[0.2],1,17,3910,2High,2High,D,27
58,2016,TMG2281_IPRO,AZ_BF[0.2],2,22,4190,2High,2High,D,27
58,2016,TMG2281_IPRO,AZ_BF[0.2],3,20,3875,2High,2High,D,27
58,2016,TMG2281_IPRO,AZ_BF[0.2],4,18,3518,2High,2High,D,27
58,2016,TMG2281_IPRO,BIXA_PROT_TRIF[0.5],1,10,4286,2High,2High,D,27
58,2016,TMG2281_IPRO,BIXA_PROT_TRIF[0.5],2,12,3882,2High,2High,D,27
58,2016,TMG2281_IPRO,BIXA_PROT_TRIF[0.5],3,11,4333,2High,2High,D,27
58,2016,TMG2281_IPRO,BIXA_PROT_TRIF[0.5],4,15,3904,2High,2High,D,27
58,2016,TMG2281_IPRO,CUP[1],1,15,3933,2High,2High,D,27
58,2016,TMG2281_IPRO,CUP[1],2,18,3330,2High,2High,D,27
58,2016,TMG2281_IPRO,CUP[1],3,15,3569,2High,2High,D,27
58,2016,TMG2281_IPRO,CUP[1],4,13,3653,2High,2High,D,27
58,2016,TMG2281_IPRO,EPO_FLUX_PYRA[0.8],1,8,4400,2High,2High,D,27
58,2016,TMG2281_IPRO,EPO_FLUX_PYRA[0.8],2,6,4392,2High,2High,D,27
58,2016,TMG2281_IPRO,EPO_FLUX_PYRA[0.8],3,6,4477,2High,2High,D,27
58,2016,TMG2281_IPRO,EPO_FLUX_PYRA[0.8],4,7,3848,2High,2High,D,27
58,2016,TMG2281_IPRO,FLUX_PYRA[0.35],1,10,3997,2High,2High,D,27
58,2016,TMG2281_IPRO,FLUX_PYRA[0.35],2,12,3926,2High,2High,D,27
58,2016,TMG2281_IPRO,FLUX_PYRA[0.35],3,9,4012,2High,2High,D,27
58,2016,TMG2281_IPRO,FLUX_PYRA[0.35],4,10,4076,2High,2High,D,27
58,2016,TMG2281_IPRO,MZB[2],1,20,4080,2High,2High,D,27
58,2016,TMG2281_IPRO,MZB[2],2,20,3892,2High,2High,D,27
58,2016,TMG2281_IPRO,MZB[2],3,22,3487,2High,2High,D,27
58,2016,TMG2281_IPRO,MZB[2],4,17,3033,2High,2High,D,27
58,2016,TMG2281_IPRO,MZB[3],1,18,3968,2High,2High,D,27
58,2016,TMG2281_IPRO,MZB[3],2,20,3534,2High,2High,D,27
58,2016,TMG2281_IPRO,MZB[3],3,17,3528,2High,2High,D,27
58,2016,TMG2281_IPRO,MZB[3],4,21,3525,2High,2High,D,27
58,2016,TMG2281_IPRO,PROT_TRIF[0.4],1,17,4591,2High,2High,D,27
58,2016,TMG2281_IPRO,PROT_TRIF[0.4],2,15,4117,2High,2High,D,27
58,2016,TMG2281_IPRO,PROT_TRIF[0.4],3,16,3434,2High,2High,D,27
58,2016,TMG2281_IPRO,PROT_TRIF[0.4],4,18,4111,2High,2High,D,27
58,2016,TMG2281_IPRO,ZZ_CHECK,1,25,3426,2High,2High,D,27
58,2016,TMG2281_IPRO,ZZ_CHECK,2,26,3771,2High,2High,D,27
58,2016,TMG2281_IPRO,ZZ_CHECK,3,27,3101,2High,2High,D,27
58,2016,TMG2281_IPRO,ZZ_CHECK,4,30,3426,2High,2High,D,27
59,2016,TMG803,AZ_BF[0.2],1,30,3410,2High,2High,D,45.5
59,2016,TMG803,AZ_BF[0.2],2,30,4304,2High,2High,D,45.5
59,2016,TMG803,AZ_BF[0.2],3,31,3955,2High,2High,D,45.5
59,2016,TMG803,AZ_BF[0.2],4,29,3763,2High,2High,D,45.5
59,2016,TMG803,BIXA_PROT_TRIF[0.5],1,6.5,4090,2High,2High,D,45.5
59,2016,TMG803,BIXA_PROT_TRIF[0.5],2,6.5,4215,2High,2High,D,45.5
59,2016,TMG803,BIXA_PROT_TRIF[0.5],3,7,3555,2High,2High,D,45.5
59,2016,TMG803,BIXA_PROT_TRIF[0.5],4,6,4069,2High,2High,D,45.5
59,2016,TMG803,CUP[1],1,26,3320,2High,2High,D,45.5
59,2016,TMG803,CUP[1],2,27,3967,2High,2High,D,45.5
59,2016,TMG803,CUP[1],3,28,3868,2High,2High,D,45.5
59,2016,TMG803,CUP[1],4,26,4032,2High,2High,D,45.5
59,2016,TMG803,EPO_FLUX_PYRA[0.8],1,6,3782,2High,2High,D,45.5
59,2016,TMG803,EPO_FLUX_PYRA[0.8],2,6,4592,2High,2High,D,45.5
59,2016,TMG803,EPO_FLUX_PYRA[0.8],3,5.5,3698,2High,2High,D,45.5
59,2016,TMG803,EPO_FLUX_PYRA[0.8],4,5.5,4085,2High,2High,D,45.5
59,2016,TMG803,FLUX_PYRA[0.35],1,5,3881,2High,2High,D,45.5
59,2016,TMG803,FLUX_PYRA[0.35],2,5.5,4393,2High,2High,D,45.5
59,2016,TMG803,FLUX_PYRA[0.35],3,6,4131,2High,2High,D,45.5
59,2016,TMG803,FLUX_PYRA[0.35],4,5,4294,2High,2High,D,45.5
59,2016,TMG803,MZB[2],1,28,4014,2High,2High,D,45.5
59,2016,TMG803,MZB[2],2,29,3766,2High,2High,D,45.5
59,2016,TMG803,MZB[2],3,28,3695,2High,2High,D,45.5
59,2016,TMG803,MZB[2],4,29,4041,2High,2High,D,45.5
59,2016,TMG803,MZB[3],1,30,3789,2High,2High,D,45.5
59,2016,TMG803,MZB[3],2,30,3991,2High,2High,D,45.5
59,2016,TMG803,MZB[3],3,31,4201,2High,2High,D,45.5
59,2016,TMG803,MZB[3],4,28,3664,2High,2High,D,45.5
59,2016,TMG803,PROT_TRIF[0.4],1,15,3714,2High,2High,D,45.5
59,2016,TMG803,PROT_TRIF[0.4],2,16,4691,2High,2High,D,45.5
59,2016,TMG803,PROT_TRIF[0.4],3,17,4072,2High,2High,D,45.5
59,2016,TMG803,PROT_TRIF[0.4],4,17,3787,2High,2High,D,45.5
59,2016,TMG803,ZZ_CHECK,1,45,3509,2High,2High,D,45.5
59,2016,TMG803,ZZ_CHECK,2,45,3647,2High,2High,D,45.5
59,2016,TMG803,ZZ_CHECK,3,46,3576,2High,2High,D,45.5
59,2016,TMG803,ZZ_CHECK,4,46,3406,2High,2High,D,45.5
60,2016,NA_5909_RG,AZ_BF[0.2],1,7,3991,2High,1Low,I,16.2
60,2016,NA_5909_RG,AZ_BF[0.2],2,7,3650,2High,1Low,I,16.2
60,2016,NA_5909_RG,AZ_BF[0.2],3,5,3617,2High,1Low,I,16.2
60,2016,NA_5909_RG,AZ_BF[0.2],4,5,3865,2High,1Low,I,16.2
60,2016,NA_5909_RG,BIXA_PROT_TRIF[0.5],1,1,3949,2High,1Low,I,16.2
60,2016,NA_5909_RG,BIXA_PROT_TRIF[0.5],2,3,3693,2High,1Low,I,16.2
60,2016,NA_5909_RG,BIXA_PROT_TRIF[0.5],3,1,3269,2High,1Low,I,16.2
60,2016,NA_5909_RG,BIXA_PROT_TRIF[0.5],4,3,3892,2High,1Low,I,16.2
60,2016,NA_5909_RG,CUP[1],1,10,3080,2High,1Low,I,16.2
60,2016,NA_5909_RG,CUP[1],2,7,3523,2High,1Low,I,16.2
60,2016,NA_5909_RG,CUP[1],3,7,3119,2High,1Low,I,16.2
60,2016,NA_5909_RG,CUP[1],4,7,3859,2High,1Low,I,16.2
60,2016,NA_5909_RG,EPO_FLUX_PYRA[0.8],1,3,3843,2High,1Low,I,16.2
60,2016,NA_5909_RG,EPO_FLUX_PYRA[0.8],2,2,3765,2High,1Low,I,16.2
60,2016,NA_5909_RG,EPO_FLUX_PYRA[0.8],3,2,3279,2High,1Low,I,16.2
60,2016,NA_5909_RG,EPO_FLUX_PYRA[0.8],4,1,3448,2High,1Low,I,16.2
60,2016,NA_5909_RG,FLUX_PYRA[0.35],1,2,3869,2High,1Low,I,16.2
60,2016,NA_5909_RG,FLUX_PYRA[0.35],2,2,4182,2High,1Low,I,16.2
60,2016,NA_5909_RG,FLUX_PYRA[0.35],3,2,3498,2High,1Low,I,16.2
60,2016,NA_5909_RG,FLUX_PYRA[0.35],4,1,3754,2High,1Low,I,16.2
60,2016,NA_5909_RG,MZB[2],1,7,3054,2High,1Low,I,16.2
60,2016,NA_5909_RG,MZB[2],2,5,3551,2High,1Low,I,16.2
60,2016,NA_5909_RG,MZB[2],3,7,3621,2High,1Low,I,16.2
60,2016,NA_5909_RG,MZB[2],4,7,4443,2High,1Low,I,16.2
60,2016,NA_5909_RG,MZB[3],1,7,3469,2High,1Low,I,16.2
60,2016,NA_5909_RG,MZB[3],2,7,3640,2High,1Low,I,16.2
60,2016,NA_5909_RG,MZB[3],3,5,3291,2High,1Low,I,16.2
60,2016,NA_5909_RG,MZB[3],4,7,3789,2High,1Low,I,16.2
60,2016,NA_5909_RG,PROT_TRIF[0.4],1,1.5,3798,2High,1Low,I,16.2
60,2016,NA_5909_RG,PROT_TRIF[0.4],2,3,3762,2High,1Low,I,16.2
60,2016,NA_5909_RG,PROT_TRIF[0.4],3,1.5,3213,2High,1Low,I,16.2
60,2016,NA_5909_RG,PROT_TRIF[0.4],4,3,3998,2High,1Low,I,16.2
60,2016,NA_5909_RG,ZZ_CHECK,1,15,3031,2High,1Low,I,16.2
60,2016,NA_5909_RG,ZZ_CHECK,2,20,3669,2High,1Low,I,16.2
60,2016,NA_5909_RG,ZZ_CHECK,3,15,3450,2High,1Low,I,16.2
60,2016,NA_5909_RG,ZZ_CHECK,4,15,3680,2High,1Low,I,16.2
61,2016,M9144_RR,AZ_BF[0.2],1,5.5,1922,1Low,2High,D,12.4
61,2016,M9144_RR,AZ_BF[0.2],2,6,1991,1Low,2High,D,12.4
61,2016,M9144_RR,AZ_BF[0.2],3,6,2366,1Low,2High,D,12.4
61,2016,M9144_RR,AZ_BF[0.2],4,5.5,1977,1Low,2High,D,12.4
61,2016,M9144_RR,BIXA_PROT_TRIF[0.5],1,1.5,1955,1Low,2High,D,12.4
61,2016,M9144_RR,BIXA_PROT_TRIF[0.5],2,1.5,2058,1Low,2High,D,12.4
61,2016,M9144_RR,BIXA_PROT_TRIF[0.5],3,1.2,2404,1Low,2High,D,12.4
61,2016,M9144_RR,BIXA_PROT_TRIF[0.5],4,1.5,2389,1Low,2High,D,12.4
61,2016,M9144_RR,CUP[1],1,5.5,1691,1Low,2High,D,12.4
61,2016,M9144_RR,CUP[1],2,6,1680,1Low,2High,D,12.4
61,2016,M9144_RR,CUP[1],3,6.5,1628,1Low,2High,D,12.4
61,2016,M9144_RR,CUP[1],4,6.5,1860,1Low,2High,D,12.4
61,2016,M9144_RR,EPO_FLUX_PYRA[0.8],1,1,2376,1Low,2High,D,12.4
61,2016,M9144_RR,EPO_FLUX_PYRA[0.8],2,1.3,2512,1Low,2High,D,12.4
61,2016,M9144_RR,EPO_FLUX_PYRA[0.8],3,1.2,2211,1Low,2High,D,12.4
61,2016,M9144_RR,EPO_FLUX_PYRA[0.8],4,1.4,2225,1Low,2High,D,12.4
61,2016,M9144_RR,FLUX_PYRA[0.35],1,1.2,2039,1Low,2High,D,12.4
61,2016,M9144_RR,FLUX_PYRA[0.35],2,1.2,1987,1Low,2High,D,12.4
61,2016,M9144_RR,FLUX_PYRA[0.35],3,1.4,1955,1Low,2High,D,12.4
61,2016,M9144_RR,FLUX_PYRA[0.35],4,1.5,1891,1Low,2High,D,12.4
61,2016,M9144_RR,MZB[2],1,5,1931,1Low,2High,D,12.4
61,2016,M9144_RR,MZB[2],2,5,1711,1Low,2High,D,12.4
61,2016,M9144_RR,MZB[2],3,4.5,2152,1Low,2High,D,12.4
61,2016,M9144_RR,MZB[2],4,5.5,2030,1Low,2High,D,12.4
61,2016,M9144_RR,MZB[3],1,6,1950,1Low,2High,D,12.4
61,2016,M9144_RR,MZB[3],2,5,1646,1Low,2High,D,12.4
61,2016,M9144_RR,MZB[3],3,6.5,1659,1Low,2High,D,12.4
61,2016,M9144_RR,MZB[3],4,6.5,1730,1Low,2High,D,12.4
61,2016,M9144_RR,PROT_TRIF[0.4],1,1.5,2171,1Low,2High,D,12.4
61,2016,M9144_RR,PROT_TRIF[0.4],2,2,1843,1Low,2High,D,12.4
61,2016,M9144_RR,PROT_TRIF[0.4],3,1.5,2191,1Low,2High,D,12.4
61,2016,M9144_RR,PROT_TRIF[0.4],4,2,1786,1Low,2High,D,12.4
61,2016,M9144_RR,ZZ_CHECK,1,12,1672,1Low,2High,D,12.4
61,2016,M9144_RR,ZZ_CHECK,2,13,1358,1Low,2High,D,12.4
61,2016,M9144_RR,ZZ_CHECK,3,12,1358,1Low,2High,D,12.4
61,2016,M9144_RR,ZZ_CHECK,4,12.5,1745,1Low,2High,D,12.4
63,2016,BMX_Potencia_RR,AZ_BF[0.2],1,18.8,3372,2High,1Low,I,32.7
63,2016,BMX_Potencia_RR,AZ_BF[0.2],2,21.3,3438,2High,1Low,I,32.7
63,2016,BMX_Potencia_RR,AZ_BF[0.2],3,20.4,3348,2High,1Low,I,32.7
63,2016,BMX_Potencia_RR,AZ_BF[0.2],4,17.5,3474,2High,1Low,I,32.7
63,2016,BMX_Potencia_RR,AZ_BF[0.2],5,18.1,3348,2High,1Low,I,32.7
63,2016,BMX_Potencia_RR,BIXA_PROT_TRIF[0.5],1,12.1,3366,2High,1Low,I,32.7
63,2016,BMX_Potencia_RR,BIXA_PROT_TRIF[0.5],2,13.1,3498,2High,1Low,I,32.7
63,2016,BMX_Potencia_RR,BIXA_PROT_TRIF[0.5],3,11.5,3414,2High,1Low,I,32.7
63,2016,BMX_Potencia_RR,BIXA_PROT_TRIF[0.5],4,12,3468,2High,1Low,I,32.7
63,2016,BMX_Potencia_RR,BIXA_PROT_TRIF[0.5],5,11.2,3534,2High,1Low,I,32.7
63,2016,BMX_Potencia_RR,CUP[1],1,13.4,3384,2High,1Low,I,32.7
63,2016,BMX_Potencia_RR,CUP[1],2,15.5,3468,2High,1Low,I,32.7
63,2016,BMX_Potencia_RR,CUP[1],3,14.7,3486,2High,1Low,I,32.7
63,2016,BMX_Potencia_RR,CUP[1],4,13.5,3354,2High,1Low,I,32.7
63,2016,BMX_Potencia_RR,CUP[1],5,13.1,3408,2High,1Low,I,32.7
63,2016,BMX_Potencia_RR,EPO_FLUX_PYRA[0.8],1,10.7,3486,2High,1Low,I,32.7
63,2016,BMX_Potencia_RR,EPO_FLUX_PYRA[0.8],2,12.5,3558,2High,1Low,I,32.7
63,2016,BMX_Potencia_RR,EPO_FLUX_PYRA[0.8],3,9.5,3534,2High,1Low,I,32.7
63,2016,BMX_Potencia_RR,EPO_FLUX_PYRA[0.8],4,10,3450,2High,1Low,I,32.7
63,2016,BMX_Potencia_RR,EPO_FLUX_PYRA[0.8],5,11.3,3474,2High,1Low,I,32.7
63,2016,BMX_Potencia_RR,FLUX_PYRA[0.35],1,10.1,3762,2High,1Low,I,32.7
63,2016,BMX_Potencia_RR,FLUX_PYRA[0.35],2,13.4,3528,2High,1Low,I,32.7
63,2016,BMX_Potencia_RR,FLUX_PYRA[0.35],3,8.6,3636,2High,1Low,I,32.7
63,2016,BMX_Potencia_RR,FLUX_PYRA[0.35],4,9.1,3384,2High,1Low,I,32.7
63,2016,BMX_Potencia_RR,FLUX_PYRA[0.35],5,10,3432,2High,1Low,I,32.7
63,2016,BMX_Potencia_RR,MZB[2],1,12.7,3516,2High,1Low,I,32.7
63,2016,BMX_Potencia_RR,MZB[2],2,14.1,3300,2High,1Low,I,32.7
63,2016,BMX_Potencia_RR,MZB[2],3,11.9,3552,2High,1Low,I,32.7
63,2016,BMX_Potencia_RR,MZB[2],4,12.1,3528,2High,1Low,I,32.7
63,2016,BMX_Potencia_RR,MZB[2],5,12.5,3366,2High,1Low,I,32.7
63,2016,BMX_Potencia_RR,MZB[3],1,15.1,3372,2High,1Low,I,32.7
63,2016,BMX_Potencia_RR,MZB[3],2,17,3426,2High,1Low,I,32.7
63,2016,BMX_Potencia_RR,MZB[3],3,14.2,3492,2High,1Low,I,32.7
63,2016,BMX_Potencia_RR,MZB[3],4,15.9,3546,2High,1Low,I,32.7
63,2016,BMX_Potencia_RR,MZB[3],5,16.1,3384,2High,1Low,I,32.7
63,2016,BMX_Potencia_RR,PROT_TRIF[0.4],1,11.7,3564,2High,1Low,I,32.7
63,2016,BMX_Potencia_RR,PROT_TRIF[0.4],2,13.1,3414,2High,1Low,I,32.7
63,2016,BMX_Potencia_RR,PROT_TRIF[0.4],3,10.5,3498,2High,1Low,I,32.7
63,2016,BMX_Potencia_RR,PROT_TRIF[0.4],4,10.9,3450,2High,1Low,I,32.7
63,2016,BMX_Potencia_RR,PROT_TRIF[0.4],5,11.5,3510,2High,1Low,I,32.7
63,2016,BMX_Potencia_RR,ZZ_CHECK,1,33.5,3366,2High,1Low,I,32.7
63,2016,BMX_Potencia_RR,ZZ_CHECK,2,30.2,3324,2High,1Low,I,32.7
63,2016,BMX_Potencia_RR,ZZ_CHECK,3,35.7,3432,2High,1Low,I,32.7
63,2016,BMX_Potencia_RR,ZZ_CHECK,4,31.6,3234,2High,1Low,I,32.7
63,2016,BMX_Potencia_RR,ZZ_CHECK,5,32.4,3384,2High,1Low,I,32.7
64,2016,BMX_Potencia_RR,AZ_BF[0.2],1,8.3,3336,1Low,1Low,I,14.4
64,2016,BMX_Potencia_RR,AZ_BF[0.2],2,8.1,3282,1Low,1Low,I,14.4
64,2016,BMX_Potencia_RR,AZ_BF[0.2],3,6.9,3432,1Low,1Low,I,14.4
64,2016,BMX_Potencia_RR,AZ_BF[0.2],4,6.7,3144,1Low,1Low,I,14.4
64,2016,BMX_Potencia_RR,AZ_BF[0.2],5,7.5,3294,1Low,1Low,I,14.4
64,2016,BMX_Potencia_RR,BIXA_PROT_TRIF[0.5],1,5.3,3312,1Low,1Low,I,14.4
64,2016,BMX_Potencia_RR,BIXA_PROT_TRIF[0.5],2,6.1,3246,1Low,1Low,I,14.4
64,2016,BMX_Potencia_RR,BIXA_PROT_TRIF[0.5],3,5,3228,1Low,1Low,I,14.4
64,2016,BMX_Potencia_RR,BIXA_PROT_TRIF[0.5],4,4.9,3252,1Low,1Low,I,14.4
64,2016,BMX_Potencia_RR,BIXA_PROT_TRIF[0.5],5,6.5,3366,1Low,1Low,I,14.4
64,2016,BMX_Potencia_RR,CUP[1],1,6.3,3228,1Low,1Low,I,14.4
64,2016,BMX_Potencia_RR,CUP[1],2,7.2,3336,1Low,1Low,I,14.4
64,2016,BMX_Potencia_RR,CUP[1],3,5.9,3222,1Low,1Low,I,14.4
64,2016,BMX_Potencia_RR,CUP[1],4,5.4,3366,1Low,1Low,I,14.4
64,2016,BMX_Potencia_RR,CUP[1],5,6.1,3288,1Low,1Low,I,14.4
64,2016,BMX_Potencia_RR,EPO_FLUX_PYRA[0.8],1,4.4,3252,1Low,1Low,I,14.4
64,2016,BMX_Potencia_RR,EPO_FLUX_PYRA[0.8],2,4.3,3168,1Low,1Low,I,14.4
64,2016,BMX_Potencia_RR,EPO_FLUX_PYRA[0.8],3,3.8,3324,1Low,1Low,I,14.4
64,2016,BMX_Potencia_RR,EPO_FLUX_PYRA[0.8],4,4.6,3204,1Low,1Low,I,14.4
64,2016,BMX_Potencia_RR,EPO_FLUX_PYRA[0.8],5,4.1,3174,1Low,1Low,I,14.4
64,2016,BMX_Potencia_RR,FLUX_PYRA[0.35],1,5.8,3228,1Low,1Low,I,14.4
64,2016,BMX_Potencia_RR,FLUX_PYRA[0.35],2,6.1,3162,1Low,1Low,I,14.4
64,2016,BMX_Potencia_RR,FLUX_PYRA[0.35],3,5.1,3324,1Low,1Low,I,14.4
64,2016,BMX_Potencia_RR,FLUX_PYRA[0.35],4,6.2,3246,1Low,1Low,I,14.4
64,2016,BMX_Potencia_RR,FLUX_PYRA[0.35],5,5.3,3192,1Low,1Low,I,14.4
64,2016,BMX_Potencia_RR,MZB[2],1,5.5,3204,1Low,1Low,I,14.4
64,2016,BMX_Potencia_RR,MZB[2],2,4.5,3306,1Low,1Low,I,14.4
64,2016,BMX_Potencia_RR,MZB[2],3,5.9,3378,1Low,1Low,I,14.4
64,2016,BMX_Potencia_RR,MZB[2],4,5.1,3168,1Low,1Low,I,14.4
64,2016,BMX_Potencia_RR,MZB[2],5,5.3,3114,1Low,1Low,I,14.4
64,2016,BMX_Potencia_RR,MZB[3],1,6.6,3366,1Low,1Low,I,14.4
64,2016,BMX_Potencia_RR,MZB[3],2,5.4,3162,1Low,1Low,I,14.4
64,2016,BMX_Potencia_RR,MZB[3],3,7.1,3252,1Low,1Low,I,14.4
64,2016,BMX_Potencia_RR,MZB[3],4,6.8,3294,1Low,1Low,I,14.4
64,2016,BMX_Potencia_RR,MZB[3],5,6.5,3168,1Low,1Low,I,14.4
64,2016,BMX_Potencia_RR,PROT_TRIF[0.4],1,4.7,3252,1Low,1Low,I,14.4
64,2016,BMX_Potencia_RR,PROT_TRIF[0.4],2,5,3300,1Low,1Low,I,14.4
64,2016,BMX_Potencia_RR,PROT_TRIF[0.4],3,4.1,3294,1Low,1Low,I,14.4
64,2016,BMX_Potencia_RR,PROT_TRIF[0.4],4,5.2,3228,1Low,1Low,I,14.4
64,2016,BMX_Potencia_RR,PROT_TRIF[0.4],5,4.2,3312,1Low,1Low,I,14.4
64,2016,BMX_Potencia_RR,ZZ_CHECK,1,14.6,3246,1Low,1Low,I,14.4
64,2016,BMX_Potencia_RR,ZZ_CHECK,2,14.5,3372,1Low,1Low,I,14.4
64,2016,BMX_Potencia_RR,ZZ_CHECK,3,13.9,3306,1Low,1Low,I,14.4
64,2016,BMX_Potencia_RR,ZZ_CHECK,4,14,3036,1Low,1Low,I,14.4
64,2016,BMX_Potencia_RR,ZZ_CHECK,5,15.2,3222,1Low,1Low,I,14.4
66,2016,M9144_RR,AZ_BF[0.2],1,47.31999999999999,2250,1Low,2High,D,52.6
66,2016,M9144_RR,AZ_BF[0.2],2,45.43,2080,1Low,2High,D,52.6
66,2016,M9144_RR,AZ_BF[0.2],3,45.43,2120,1Low,2High,D,52.6
66,2016,M9144_RR,AZ_BF[0.2],4,47.04,1985,1Low,2High,D,52.6
66,2016,M9144_RR,BIXA_PROT_TRIF[0.5],1,24.15,2540,1Low,2High,D,52.6
66,2016,M9144_RR,BIXA_PROT_TRIF[0.5],2,24.709999999999997,2250,1Low,2High,D,52.6
66,2016,M9144_RR,BIXA_PROT_TRIF[0.5],3,24.779999999999998,2450,1Low,2High,D,52.6
66,2016,M9144_RR,BIXA_PROT_TRIF[0.5],4,24.849999999999998,2505,1Low,2High,D,52.6
66,2016,M9144_RR,CUP[1],1,35.559999999999995,2490,1Low,2High,D,52.6
66,2016,M9144_RR,CUP[1],2,35.14,2120,1Low,2High,D,52.6
66,2016,M9144_RR,CUP[1],3,33.529999999999994,2350,1Low,2High,D,52.6
66,2016,M9144_RR,CUP[1],4,34.23,2185,1Low,2High,D,52.6
66,2016,M9144_RR,EPO_FLUX_PYRA[0.8],1,24.5,2540,1Low,2High,D,52.6
66,2016,M9144_RR,EPO_FLUX_PYRA[0.8],2,24.29,2440,1Low,2High,D,52.6
66,2016,M9144_RR,EPO_FLUX_PYRA[0.8],3,24.5,2410,1Low,2High,D,52.6
66,2016,M9144_RR,EPO_FLUX_PYRA[0.8],4,21.63,2470,1Low,2High,D,52.6
66,2016,M9144_RR,FLUX_PYRA[0.35],1,24.849999999999998,2415,1Low,2High,D,52.6
66,2016,M9144_RR,FLUX_PYRA[0.35],2,27.229999999999997,2705,1Low,2High,D,52.6
66,2016,M9144_RR,FLUX_PYRA[0.35],3,25.759999999999998,2565,1Low,2High,D,52.6
66,2016,M9144_RR,FLUX_PYRA[0.35],4,28.49,2705,1Low,2High,D,52.6
66,2016,M9144_RR,MZB[2],1,23.309999999999995,2530,1Low,2High,D,52.6
66,2016,M9144_RR,MZB[2],2,22.54,1295,1Low,2High,D,52.6
66,2016,M9144_RR,MZB[2],3,23.729999999999997,2420,1Low,2High,D,52.6
66,2016,M9144_RR,MZB[2],4,23.169999999999998,2540,1Low,2High,D,52.6
66,2016,M9144_RR,MZB[3],1,24.359999999999996,2460,1Low,2High,D,52.6
66,2016,M9144_RR,MZB[3],2,23.659999999999997,2545,1Low,2High,D,52.6
66,2016,M9144_RR,MZB[3],3,23.45,2650,1Low,2High,D,52.6
66,2016,M9144_RR,MZB[3],4,24.29,2490,1Low,2High,D,52.6
66,2016,M9144_RR,PROT_TRIF[0.4],1,34.72,2345,1Low,2High,D,52.6
66,2016,M9144_RR,PROT_TRIF[0.4],2,35.839999999999996,2415,1Low,2High,D,52.6
66,2016,M9144_RR,PROT_TRIF[0.4],3,36.19,2300,1Low,2High,D,52.6
66,2016,M9144_RR,PROT_TRIF[0.4],4,36.33,2395,1Low,2High,D,52.6
66,2016,M9144_RR,ZZ_CHECK,1,52.08,2e3,1Low,2High,D,52.6
66,2016,M9144_RR,ZZ_CHECK,2,50.959999999999994,1998,1Low,2High,D,52.6
66,2016,M9144_RR,ZZ_CHECK,3,51.94,2085,1Low,2High,D,52.6
66,2016,M9144_RR,ZZ_CHECK,4,55.51,1920,1Low,2High,D,52.6
